Date(DD-MM-YY), Time(24-hour),Chamber air temperature (°C),Chamber pressure(mBar), Soil temperature (°C), Chamber relative humidity (%),Soil moisture (%), Chamber Status(Open/Closed)
22-January-2021,13:1:28,14.200000000000003,1021.4,14.200000000000003,86,79,Close
22-January-2021,13:1:30,14.200000000000003,1021.4,14.200000000000003,86,79,Close
22-January-2021,13:1:31,7.5,1041.4,14.700000000000003,78,74,Close
22-January-2021,13:1:32,14.700000000000003,1097.3,10.200000000000003,77,75,Close
22-January-2021,13:1:33,14.700000000000003,1097.3,10.200000000000003,77,75,Close
22-January-2021,13:1:34,13.600000000000001,1030.8,12.5,98,70,Close
22-January-2021,13:1:35,13.600000000000001,1030.8,12.5,98,70,Close
22-January-2021,13:1:36,9.700000000000003,1044.9,10.899999999999999,60,75,Close
22-January-2021,13:1:37,9.700000000000003,1044.9,10.899999999999999,60,75,Close
22-January-2021,13:1:38,9.0,1006.0,12.899999999999999,76,79,Close
22-January-2021,13:1:39,9.0,1006.0,12.899999999999999,76,79,Close
22-January-2021,13:1:40,9.899999999999999,1007.3,14.0,78,76,Close
22-January-2021,13:1:41,14.299999999999997,1041.8,12.799999999999997,65,75,Close
22-January-2021,13:1:42,14.299999999999997,1041.8,12.799999999999997,65,75,Close
22-January-2021,13:1:43,8.700000000000003,1094.5,12.700000000000003,65,70,Close
22-January-2021,13:1:44,8.700000000000003,1094.5,12.700000000000003,65,70,Close
22-January-2021,13:1:45,8.899999999999999,1018.8,11.799999999999997,73,77,Close
22-January-2021,13:1:46,8.899999999999999,1018.8,11.799999999999997,73,77,Close
22-January-2021,13:1:47,13.600000000000001,1027.8,12.399999999999999,84,72,Close
22-January-2021,13:1:48,13.600000000000001,1027.8,12.399999999999999,84,72,Close
22-January-2021,13:1:49,5.300000000000001,1030.2,11.5,81,76,Close
22-January-2021,13:1:50,12.200000000000003,1031.9,13.200000000000003,94,78,Close
22-January-2021,13:1:51,12.200000000000003,1031.9,13.200000000000003,94,78,Close
22-January-2021,13:1:52,6.5,1025.5,14.799999999999997,77,77,Close
22-January-2021,13:1:53,6.5,1025.5,14.799999999999997,77,77,Close
22-January-2021,13:1:54,14.100000000000001,1074.0,10.100000000000001,95,78,Close
22-January-2021,13:1:55,14.100000000000001,1074.0,10.100000000000001,95,78,Close
22-January-2021,13:1:56,6.699999999999999,1071.4,13.399999999999999,63,70,Close
22-January-2021,13:1:57,6.699999999999999,1071.4,13.399999999999999,63,70,Close
22-January-2021,13:1:58,10.100000000000001,1094.3,10.799999999999997,87,71,Close
22-January-2021,13:1:59,10.100000000000001,1080.0,10.700000000000003,79,77,Close
22-January-2021,13:2:0,10.100000000000001,1080.0,10.700000000000003,79,77,Close
22-January-2021,13:2:1,5.600000000000001,1093.8,11.299999999999997,66,73,Close
22-January-2021,13:2:2,5.600000000000001,1093.8,11.299999999999997,66,73,Close
22-January-2021,13:2:3,12.200000000000003,1037.7,10.299999999999997,73,72,Close
22-January-2021,13:2:4,12.200000000000003,1037.7,10.299999999999997,73,72,Close
22-January-2021,13:2:5,10.5,1073.6,12.700000000000003,71,79,Close
22-January-2021,13:2:6,7.100000000000001,1083.2,13.399999999999999,97,70,Close
22-January-2021,13:2:7,7.100000000000001,1083.2,13.399999999999999,97,70,Close
22-January-2021,13:2:8,12.0,1008.4,13.5,74,77,Close
22-January-2021,13:2:9,12.0,1008.4,13.5,74,77,Close
22-January-2021,13:2:10,12.799999999999997,1055.7,11.600000000000001,76,73,Close
22-January-2021,13:2:11,12.799999999999997,1055.7,11.600000000000001,76,73,Close
22-January-2021,13:2:12,14.0,1077.3,11.700000000000003,92,77,Close
22-January-2021,13:2:13,14.0,1077.3,11.700000000000003,92,77,Close
22-January-2021,13:2:14,8.600000000000001,1056.0,10.100000000000001,99,71,Close
22-January-2021,13:2:15,13.600000000000001,1065.2,10.399999999999999,93,75,Close
22-January-2021,13:2:16,13.600000000000001,1065.2,10.399999999999999,93,75,Close
22-January-2021,13:2:17,12.399999999999999,1090.6,12.200000000000003,86,75,Close
22-January-2021,13:2:19,12.399999999999999,1090.6,12.200000000000003,86,75,Close
22-January-2021,13:2:20,7.100000000000001,1007.3,13.100000000000001,98,71,Close
22-January-2021,13:2:21,5.5,1075.8,11.200000000000003,89,70,Close
22-January-2021,13:2:22,5.5,1075.8,11.200000000000003,89,70,Close
22-January-2021,13:2:23,12.399999999999999,1052.0,12.399999999999999,82,73,Close
22-January-2021,13:2:24,13.200000000000003,1011.0,11.399999999999999,79,75,Close
22-January-2021,13:2:25,13.200000000000003,1011.0,11.399999999999999,79,75,Close
22-January-2021,13:2:26,10.200000000000003,1041.9,14.5,90,74,Close
22-January-2021,13:2:27,10.200000000000003,1041.9,14.5,90,74,Close
22-January-2021,13:2:28,13.100000000000001,1096.5,13.299999999999997,83,76,Close
22-January-2021,13:2:29,13.100000000000001,1096.5,13.299999999999997,83,76,Close
22-January-2021,13:2:30,11.399999999999999,1035.7,13.200000000000003,68,72,Close
22-January-2021,13:2:31,11.399999999999999,1035.7,13.200000000000003,68,72,Close
22-January-2021,13:2:32,8.700000000000003,1071.5,12.299999999999997,94,76,Close
22-January-2021,13:2:33,5.699999999999999,1091.6,12.399999999999999,74,77,Close
22-January-2021,13:2:34,5.699999999999999,1091.6,12.399999999999999,74,77,Close
22-January-2021,13:2:35,5.100000000000001,1004.7,11.100000000000001,65,74,Close
22-January-2021,13:2:36,5.100000000000001,1004.7,11.100000000000001,65,74,Close
22-January-2021,13:2:37,11.5,1014.9,12.200000000000003,96,79,Close
22-January-2021,13:2:38,11.5,1014.9,12.200000000000003,96,79,Close
22-January-2021,13:2:39,9.899999999999999,1053.6,11.799999999999997,93,73,Close
22-January-2021,13:2:40,9.899999999999999,1053.6,11.799999999999997,93,73,Close
22-January-2021,13:2:41,8.0,1002.1,14.600000000000001,74,78,Close
22-January-2021,13:2:42,7.299999999999997,1055.6,13.600000000000001,71,78,Close
22-January-2021,13:2:43,7.299999999999997,1055.6,13.600000000000001,71,78,Close
22-January-2021,13:2:44,6.0,1007.0,14.600000000000001,90,72,Close
22-January-2021,13:2:45,6.0,1007.0,14.600000000000001,90,72,Close
22-January-2021,13:2:46,13.0,1036.8,14.600000000000001,64,75,Close
22-January-2021,13:2:47,13.0,1036.8,14.600000000000001,64,75,Close
22-January-2021,13:2:48,10.899999999999999,1035.8,14.899999999999999,87,74,Close
22-January-2021,13:2:49,10.899999999999999,1035.8,14.899999999999999,87,74,Close
22-January-2021,13:2:50,12.399999999999999,1048.6,14.5,77,71,Close
22-January-2021,13:2:51,5.0,1087.4,10.399999999999999,96,72,Close
22-January-2021,13:2:52,5.0,1087.4,10.399999999999999,96,72,Close
22-January-2021,13:2:53,14.0,1010.1,10.700000000000003,94,74,Close
22-January-2021,13:2:54,14.0,1010.1,10.700000000000003,94,74,Close
22-January-2021,13:2:55,13.399999999999999,1013.4,12.899999999999999,85,72,Close
22-January-2021,13:2:56,13.399999999999999,1013.4,12.899999999999999,85,72,Close
22-January-2021,13:2:57,14.0,1008.9,13.399999999999999,92,72,Close
22-January-2021,13:2:58,8.100000000000001,1003.3,13.700000000000003,76,78,Close
22-January-2021,13:2:59,8.100000000000001,1003.3,13.700000000000003,76,78,Close
22-January-2021,13:3:0,5.5,1053.6,13.600000000000001,68,75,Close
22-January-2021,13:3:1,5.5,1053.6,13.600000000000001,68,75,Close
22-January-2021,13:3:2,7.799999999999997,1097.6,12.799999999999997,81,79,Close
22-January-2021,13:3:3,7.799999999999997,1097.6,12.799999999999997,81,79,Close
22-January-2021,13:3:4,13.200000000000003,1019.1,10.0,97,72,Close
22-January-2021,13:3:5,13.200000000000003,1019.1,10.0,97,72,Close
22-January-2021,13:3:6,5.899999999999999,1074.5,13.0,98,78,Close
22-January-2021,13:3:7,13.600000000000001,1070.8,11.200000000000003,72,77,Close
22-January-2021,13:3:9,6.5,1013.1,14.299999999999997,88,79,Close
22-January-2021,13:3:10,6.5,1013.1,14.299999999999997,88,79,Close
22-January-2021,13:3:11,6.699999999999999,1004.9,14.100000000000001,86,79,Close
22-January-2021,13:3:12,6.699999999999999,1004.9,14.100000000000001,86,79,Close
22-January-2021,13:3:13,9.399999999999999,1008.3,14.799999999999997,96,79,Close
22-January-2021,13:3:14,13.899999999999999,1008.8,11.899999999999999,63,78,Close
22-January-2021,13:3:15,13.899999999999999,1008.8,11.899999999999999,63,78,Close
22-January-2021,13:3:16,11.0,1014.8,14.399999999999999,93,79,Close
22-January-2021,13:3:17,11.0,1014.8,14.399999999999999,93,79,Close
22-January-2021,13:3:18,14.0,1008.1,12.299999999999997,82,71,Close
22-January-2021,13:3:19,14.0,1008.1,12.299999999999997,82,71,Close
22-January-2021,13:3:20,14.899999999999999,1095.0,11.0,90,77,Close
22-January-2021,13:3:21,14.899999999999999,1095.0,11.0,90,77,Close
22-January-2021,13:3:22,14.899999999999999,1057.8,14.799999999999997,89,73,Close
22-January-2021,13:3:23,14.899999999999999,1057.8,14.799999999999997,89,73,Close
22-January-2021,13:3:24,10.799999999999997,1057.1,13.100000000000001,98,77,Close
22-January-2021,13:3:25,9.100000000000001,1085.2,14.700000000000003,84,74,Close
22-January-2021,13:3:26,9.100000000000001,1085.2,14.700000000000003,84,74,Close
22-January-2021,13:3:27,8.799999999999997,1090.9,10.700000000000003,71,71,Close
22-January-2021,13:3:28,8.799999999999997,1090.9,10.700000000000003,71,71,Close
22-January-2021,13:3:29,7.100000000000001,1053.7,14.200000000000003,62,73,Close
22-January-2021,13:3:30,7.100000000000001,1053.7,14.200000000000003,62,73,Close
22-January-2021,13:3:31,14.600000000000001,1089.0,14.799999999999997,66,71,Close
22-January-2021,13:3:32,14.600000000000001,1089.0,14.799999999999997,66,71,Close
22-January-2021,13:3:33,7.899999999999999,1081.6,14.100000000000001,92,70,Close
22-January-2021,13:3:34,7.700000000000003,1040.5,14.0,62,75,Close
22-January-2021,13:3:35,7.700000000000003,1040.5,14.0,62,75,Close
22-January-2021,13:3:36,14.0,1092.4,10.200000000000003,88,70,Close
22-January-2021,13:3:37,14.0,1092.4,10.200000000000003,88,70,Close
22-January-2021,13:3:38,5.300000000000001,1079.5,10.600000000000001,88,74,Close
22-January-2021,13:3:39,5.300000000000001,1079.5,10.600000000000001,88,74,Close
22-January-2021,13:3:40,6.300000000000001,1069.0,13.100000000000001,82,79,Close
22-January-2021,13:3:41,6.300000000000001,1069.0,13.100000000000001,82,79,Close
22-January-2021,13:3:42,13.700000000000003,1074.2,13.899999999999999,93,79,Close
22-January-2021,13:3:43,8.799999999999997,1048.7,14.0,74,70,Close
22-January-2021,13:3:44,8.799999999999997,1048.7,14.0,74,70,Close
22-January-2021,13:3:45,8.100000000000001,1092.1,10.200000000000003,74,75,Close
22-January-2021,13:3:46,8.100000000000001,1092.1,10.200000000000003,74,75,Close
22-January-2021,13:3:47,6.399999999999999,1065.3,10.700000000000003,92,73,Close
22-January-2021,13:3:48,6.399999999999999,1065.3,10.700000000000003,92,73,Close
22-January-2021,13:3:49,6.699999999999999,1047.3,12.5,79,73,Close
22-January-2021,13:3:50,6.699999999999999,1047.3,12.5,79,73,Close
22-January-2021,13:3:51,12.100000000000001,1025.4,13.100000000000001,92,77,Close
22-January-2021,13:4:43,8.399999999999999,1019.6,14.899999999999999,95,73,Close
22-January-2021,13:4:44,8.399999999999999,1019.6,14.899999999999999,95,73,Close
22-January-2021,13:4:45,9.0,1024.4,12.200000000000003,77,71,Close
22-January-2021,13:4:46,9.0,1024.4,12.200000000000003,77,71,Close
22-January-2021,13:4:47,11.5,1038.1,13.899999999999999,86,71,Close
22-January-2021,13:4:48,11.5,1038.1,13.899999999999999,86,71,Close
22-January-2021,13:4:49,9.100000000000001,1010.7,13.799999999999997,94,78,Close
22-January-2021,13:4:50,9.100000000000001,1010.7,13.799999999999997,94,78,Close
22-January-2021,13:4:51,10.0,1025.3,10.100000000000001,99,77,Close
22-January-2021,13:4:52,10.0,1025.3,10.100000000000001,99,77,Close
22-January-2021,13:4:55,14.700000000000003,1071.1,14.899999999999999,63,75,Close
22-January-2021,13:4:56,14.700000000000003,1071.1,14.899999999999999,63,75,Close
22-January-2021,13:4:57,10.100000000000001,1037.2,12.0,69,79,Close
22-January-2021,13:4:58,10.100000000000001,1037.2,12.0,69,79,Close
22-January-2021,13:4:59,5.800000000000001,1009.1,12.100000000000001,87,71,Close
22-January-2021,13:5:0,5.800000000000001,1009.1,12.100000000000001,87,71,Close
22-January-2021,13:5:1,11.200000000000003,1089.7,13.899999999999999,87,72,Close
22-January-2021,13:5:2,11.200000000000003,1089.7,13.899999999999999,87,72,Close
22-January-2021,13:5:4,14.100000000000001,1089.6,13.799999999999997,88,78,Close
22-January-2021,13:5:5,14.100000000000001,1089.6,13.799999999999997,88,78,Close
22-January-2021,13:5:6,6.600000000000001,1077.1,14.899999999999999,95,77,Close
22-January-2021,13:5:8,11.700000000000003,1032.7,12.399999999999999,81,75,Close
22-January-2021,13:5:10,12.600000000000001,1020.9,13.5,60,70,Close
22-January-2021,13:5:10,12.600000000000001,1020.9,13.5,60,70,Close
22-January-2021,13:5:11,12.600000000000001,1020.9,13.5,60,70,Close
22-January-2021,13:5:14,9.700000000000003,1084.3,10.399999999999999,61,76,Close
22-January-2021,13:5:15,9.700000000000003,1084.3,10.399999999999999,61,76,Close
22-January-2021,13:5:18,8.700000000000003,1034.2,13.5,78,79,Close
22-January-2021,13:5:19,8.700000000000003,1034.2,13.5,78,79,Close
22-January-2021,13:5:20,7.600000000000001,1032.4,10.299999999999997,83,74,Close
22-January-2021,13:5:21,7.600000000000001,1032.4,10.299999999999997,83,74,Close
22-January-2021,13:5:22,13.799999999999997,1094.7,14.899999999999999,86,74,Close
22-January-2021,13:5:23,13.799999999999997,1094.7,14.899999999999999,86,74,Close
22-January-2021,13:5:24,12.799999999999997,1001.8,14.100000000000001,72,76,Close
22-January-2021,13:5:25,12.799999999999997,1001.8,14.100000000000001,72,76,Close
22-January-2021,13:5:26,7.0,1016.7,13.899999999999999,72,74,Close
22-January-2021,13:5:27,7.0,1016.7,13.899999999999999,72,74,Close
22-January-2021,13:5:28,7.0,1016.7,13.899999999999999,72,74,Close
22-January-2021,13:5:29,9.0,1024.8,12.700000000000003,79,75,Close
22-January-2021,13:5:30,9.0,1024.8,12.700000000000003,79,75,Close
22-January-2021,13:5:31,13.399999999999999,1027.9,13.399999999999999,93,79,Close
22-January-2021,13:5:32,13.399999999999999,1027.9,13.399999999999999,93,79,Close
22-January-2021,13:5:33,8.799999999999997,1035.7,13.200000000000003,96,77,Close
22-January-2021,13:5:34,8.799999999999997,1035.7,13.200000000000003,96,77,Close
22-January-2021,13:5:35,10.899999999999999,1063.9,10.5,60,79,Close
22-January-2021,13:5:36,10.899999999999999,1063.9,10.5,60,79,Close
22-January-2021,13:5:37,13.299999999999997,1037.7,10.299999999999997,62,73,Close
22-January-2021,13:5:38,13.299999999999997,1037.7,10.299999999999997,62,73,Close
22-January-2021,13:5:41,12.799999999999997,1083.7,11.0,99,79,Close
22-January-2021,13:5:43,12.799999999999997,1083.7,11.0,99,79,Close
22-January-2021,13:5:43,14.299999999999997,1018.3,13.600000000000001,79,72,Close
22-January-2021,13:5:44,14.299999999999997,1018.3,13.600000000000001,79,72,Close
22-January-2021,13:5:45,11.5,1099.1,12.600000000000001,79,78,Close
22-January-2021,13:5:46,11.5,1099.1,12.600000000000001,79,78,Close
22-January-2021,13:5:47,6.399999999999999,1071.6,10.299999999999997,66,74,Close
22-January-2021,13:5:49,7.0,1057.5,12.899999999999999,96,70,Close
22-January-2021,13:5:51,7.0,1057.5,12.899999999999999,96,70,Close
22-January-2021,13:5:51,11.299999999999997,1019.2,14.200000000000003,75,73,Close
22-January-2021,13:5:53,11.299999999999997,1019.2,14.200000000000003,75,73,Close
22-January-2021,13:5:53,11.299999999999997,1019.2,14.200000000000003,75,73,Close
22-January-2021,13:5:56,13.299999999999997,1054.1,12.5,74,76,Close
22-January-2021,13:5:57,13.299999999999997,1054.1,12.5,74,76,Close
22-January-2021,13:5:58,6.399999999999999,1097.5,11.100000000000001,97,73,Close
22-January-2021,13:6:0,6.399999999999999,1097.5,11.100000000000001,97,73,Close
22-January-2021,13:6:0,11.0,1076.0,14.100000000000001,88,74,Close
22-January-2021,13:6:2,11.0,1076.0,14.100000000000001,88,74,Close
22-January-2021,13:6:2,10.600000000000001,1079.7,13.200000000000003,69,71,Close
22-January-2021,13:6:3,10.600000000000001,1079.7,13.200000000000003,69,71,Close
22-January-2021,13:6:5,13.5,1033.4,10.799999999999997,93,73,Close
22-January-2021,13:6:6,13.299999999999997,1086.1,12.0,68,76,Close
22-January-2021,13:6:8,13.299999999999997,1086.1,12.0,68,76,Close
22-January-2021,13:6:8,14.5,1021.4,14.799999999999997,88,73,Close
22-January-2021,13:6:10,14.5,1021.4,14.799999999999997,88,73,Close
22-January-2021,13:6:11,10.799999999999997,1012.1,13.0,80,71,Close
22-January-2021,13:6:11,10.799999999999997,1012.1,13.0,80,71,Close
22-January-2021,13:6:13,12.200000000000003,1024.1,11.899999999999999,61,71,Close
22-January-2021,13:6:13,12.200000000000003,1024.1,11.899999999999999,61,71,Close
22-January-2021,13:6:14,12.200000000000003,1024.1,11.899999999999999,61,71,Close
22-January-2021,13:6:15,5.199999999999999,1027.9,12.0,89,77,Close
22-January-2021,13:6:16,5.199999999999999,1027.9,12.0,89,77,Close
22-January-2021,13:6:19,7.5,1070.1,11.200000000000003,72,77,Close
22-January-2021,13:6:20,7.5,1070.1,11.200000000000003,72,77,Close
22-January-2021,13:6:21,10.399999999999999,1059.8,11.799999999999997,96,73,Close
22-January-2021,13:6:23,10.399999999999999,1059.8,11.799999999999997,96,73,Close
22-January-2021,13:6:23,13.100000000000001,1065.4,13.5,96,70,Close
22-January-2021,13:6:24,13.100000000000001,1065.4,13.5,96,70,Close
22-January-2021,13:6:28,5.699999999999999,1053.6,13.200000000000003,93,78,Close
22-January-2021,13:6:29,5.699999999999999,1053.6,13.200000000000003,93,78,Close
22-January-2021,13:6:30,10.600000000000001,1051.1,14.899999999999999,79,73,Close
22-January-2021,13:6:31,10.600000000000001,1051.1,14.899999999999999,79,73,Close
22-January-2021,13:6:32,8.299999999999997,1079.1,10.399999999999999,96,74,Close
22-January-2021,13:6:32,8.299999999999997,1079.1,10.399999999999999,96,74,Close
22-January-2021,13:6:34,12.299999999999997,1096.1,13.700000000000003,89,76,Close
22-January-2021,13:6:35,12.299999999999997,1096.1,13.700000000000003,89,76,Close
22-January-2021,13:6:36,11.600000000000001,1059.4,10.899999999999999,66,70,Close
22-January-2021,13:6:37,11.600000000000001,1059.4,10.899999999999999,66,70,Close
22-January-2021,13:6:38,11.600000000000001,1059.4,10.899999999999999,66,70,Close
22-January-2021,13:6:39,12.899999999999999,1089.7,11.299999999999997,81,71,Close
22-January-2021,13:6:40,12.899999999999999,1089.7,11.299999999999997,81,71,Close
22-January-2021,13:6:42,7.200000000000003,1098.5,13.5,86,71,Close
22-January-2021,13:6:43,7.200000000000003,1098.5,13.5,86,71,Close
22-January-2021,13:6:44,7.200000000000003,1098.5,13.5,86,71,Close
22-January-2021,13:6:45,12.899999999999999,1067.7,14.5,88,71,Close
22-January-2021,13:6:46,12.899999999999999,1067.7,14.5,88,71,Close
22-January-2021,13:6:47,12.0,1007.3,11.799999999999997,96,71,Close
22-January-2021,13:6:48,12.0,1007.3,11.799999999999997,96,71,Close
22-January-2021,13:6:49,8.200000000000003,1097.2,13.700000000000003,82,74,Close
22-January-2021,13:6:50,8.200000000000003,1097.2,13.700000000000003,82,74,Close
22-January-2021,13:6:51,9.700000000000003,1050.9,13.399999999999999,64,72,Close
22-January-2021,13:6:52,9.700000000000003,1050.9,13.399999999999999,64,72,Close
22-January-2021,13:6:53,8.700000000000003,1047.0,13.100000000000001,72,70,Close
22-January-2021,13:6:54,8.700000000000003,1047.0,13.100000000000001,72,70,Close
22-January-2021,13:6:55,12.200000000000003,1010.1,12.299999999999997,93,71,Close
22-January-2021,13:6:56,12.200000000000003,1010.1,12.299999999999997,93,71,Close
22-January-2021,13:6:57,5.100000000000001,1048.1,12.0,84,72,Close
22-January-2021,13:6:58,5.100000000000001,1048.1,12.0,84,72,Close
22-January-2021,13:6:59,14.799999999999997,1000.4,11.700000000000003,91,74,Close
22-January-2021,13:7:1,13.299999999999997,1075.6,14.600000000000001,86,77,Close
22-January-2021,13:7:2,13.299999999999997,1075.6,14.600000000000001,86,77,Close
22-January-2021,13:7:3,13.299999999999997,1075.6,14.600000000000001,86,77,Close
22-January-2021,13:7:4,13.0,1031.2,12.100000000000001,81,72,Close
22-January-2021,13:7:5,13.0,1031.2,12.100000000000001,81,72,Close
22-January-2021,13:7:6,6.399999999999999,1063.7,12.600000000000001,77,71,Close
22-January-2021,13:7:7,6.399999999999999,1063.7,12.600000000000001,77,71,Close
22-January-2021,13:7:8,8.200000000000003,1048.5,10.700000000000003,88,74,Close
22-January-2021,13:7:9,8.200000000000003,1048.5,10.700000000000003,88,74,Close
22-January-2021,13:7:10,14.200000000000003,1010.8,12.600000000000001,92,78,Close
22-January-2021,13:7:11,14.200000000000003,1010.8,12.600000000000001,92,78,Close
22-January-2021,13:7:12,8.700000000000003,1065.6,12.5,69,77,Close
22-January-2021,13:7:13,8.700000000000003,1065.6,12.5,69,77,Close
22-January-2021,13:7:14,8.200000000000003,1074.6,11.200000000000003,60,79,Close
22-January-2021,13:7:15,8.200000000000003,1074.6,11.200000000000003,60,79,Close
22-January-2021,13:7:16,8.799999999999997,1046.6,13.5,84,74,Close
22-January-2021,13:7:17,8.799999999999997,1046.6,13.5,84,74,Close
22-January-2021,13:7:18,6.899999999999999,1046.4,11.299999999999997,96,72,Close
22-January-2021,13:7:19,6.899999999999999,1046.4,11.299999999999997,96,72,Close
22-January-2021,13:7:20,13.0,1028.4,10.100000000000001,69,70,Close
22-January-2021,13:7:21,13.0,1028.4,10.100000000000001,69,70,Close
22-January-2021,13:7:22,14.899999999999999,1026.4,13.299999999999997,70,72,Close
22-January-2021,13:7:23,14.899999999999999,1026.4,13.299999999999997,70,72,Close
22-January-2021,13:7:24,14.899999999999999,1026.4,13.299999999999997,70,72,Close
22-January-2021,13:7:25,6.100000000000001,1005.5,14.0,64,72,Close
22-January-2021,13:7:26,6.100000000000001,1005.5,14.0,64,72,Close
22-January-2021,13:7:27,12.0,1027.4,13.399999999999999,96,72,Close
22-January-2021,13:7:28,12.0,1027.4,13.399999999999999,96,72,Close
22-January-2021,13:7:29,12.799999999999997,1036.1,13.100000000000001,87,74,Close
22-January-2021,13:7:30,12.799999999999997,1036.1,13.100000000000001,87,74,Close
22-January-2021,13:7:31,9.200000000000003,1037.6,14.0,93,76,Close
22-January-2021,13:7:32,9.200000000000003,1037.6,14.0,93,76,Close
22-January-2021,13:7:33,5.0,1037.5,11.5,60,74,Close
22-January-2021,13:7:34,5.0,1037.5,11.5,60,74,Close
22-January-2021,13:7:35,9.399999999999999,1094.0,13.799999999999997,67,71,Close
22-January-2021,13:7:36,9.399999999999999,1094.0,13.799999999999997,67,71,Close
22-January-2021,13:7:37,6.899999999999999,1030.0,12.0,89,79,Close
22-January-2021,13:7:38,6.899999999999999,1030.0,12.0,89,79,Close
22-January-2021,13:7:39,5.600000000000001,1076.3,11.399999999999999,89,76,Close
22-January-2021,13:7:40,5.600000000000001,1076.3,11.399999999999999,89,76,Close
22-January-2021,13:7:41,11.100000000000001,1002.3,10.299999999999997,83,78,Close
22-January-2021,13:7:42,11.100000000000001,1002.3,10.299999999999997,83,78,Close
22-January-2021,13:7:43,6.399999999999999,1095.7,11.200000000000003,87,79,Close
22-January-2021,13:7:44,6.399999999999999,1095.7,11.200000000000003,87,79,Close
22-January-2021,13:7:45,13.399999999999999,1096.5,12.0,90,78,Close
22-January-2021,13:7:46,13.399999999999999,1096.5,12.0,90,78,Close
22-January-2021,13:7:47,13.399999999999999,1096.5,12.0,90,78,Close
22-January-2021,13:7:48,10.0,1075.0,11.299999999999997,91,75,Close
22-January-2021,13:7:49,10.0,1075.0,11.299999999999997,91,75,Close
22-January-2021,13:7:50,14.399999999999999,1069.4,12.799999999999997,75,75,Close
22-January-2021,13:7:51,14.399999999999999,1069.4,12.799999999999997,75,75,Close
22-January-2021,13:7:52,13.5,1071.8,11.700000000000003,98,76,Close
22-January-2021,13:7:53,13.5,1071.8,11.700000000000003,98,76,Close
22-January-2021,13:7:54,13.5,1063.5,10.700000000000003,91,79,Close
22-January-2021,13:7:55,13.5,1063.5,10.700000000000003,91,79,Close
22-January-2021,13:7:56,6.399999999999999,1055.1,12.899999999999999,63,74,Close
22-January-2021,13:7:57,6.399999999999999,1055.1,12.899999999999999,63,74,Close
22-January-2021,13:7:58,14.399999999999999,1088.5,13.5,80,70,Close
22-January-2021,13:7:59,14.399999999999999,1088.5,13.5,80,70,Close
22-January-2021,13:8:0,9.0,1089.4,11.299999999999997,87,72,Close
22-January-2021,13:8:1,9.0,1089.4,11.299999999999997,87,72,Close
22-January-2021,13:8:2,8.0,1022.5,11.600000000000001,75,76,Close
22-January-2021,13:8:3,8.0,1022.5,11.600000000000001,75,76,Close
22-January-2021,13:8:4,12.700000000000003,1062.0,13.299999999999997,77,79,Close
22-January-2021,13:8:5,12.700000000000003,1062.0,13.299999999999997,77,79,Close
22-January-2021,13:8:6,5.399999999999999,1020.9,10.0,80,76,Close
22-January-2021,13:8:7,5.399999999999999,1020.9,10.0,80,76,Close
22-January-2021,13:8:8,8.299999999999997,1009.1,11.399999999999999,79,75,Close
22-January-2021,13:8:9,8.299999999999997,1009.1,11.399999999999999,79,75,Close
22-January-2021,13:8:10,8.299999999999997,1009.1,11.399999999999999,79,75,Close
22-January-2021,13:8:11,5.699999999999999,1015.2,14.700000000000003,92,78,Close
22-January-2021,13:8:12,5.699999999999999,1015.2,14.700000000000003,92,78,Close
22-January-2021,13:8:13,11.899999999999999,1040.1,12.0,97,77,Close
22-January-2021,13:8:14,11.899999999999999,1040.1,12.0,97,77,Close
22-January-2021,13:8:15,11.0,1023.2,10.200000000000003,67,77,Close
22-January-2021,13:8:16,11.0,1023.2,10.200000000000003,67,77,Close
22-January-2021,13:8:17,11.600000000000001,1006.8,13.899999999999999,70,72,Close
22-January-2021,13:8:18,11.600000000000001,1006.8,13.899999999999999,70,72,Close
22-January-2021,13:8:19,14.899999999999999,1043.4,14.799999999999997,77,73,Close
22-January-2021,13:8:20,14.899999999999999,1043.4,14.799999999999997,77,73,Close
22-January-2021,13:8:21,5.199999999999999,1077.3,10.600000000000001,66,75,Close
22-January-2021,13:8:22,5.199999999999999,1077.3,10.600000000000001,66,75,Close
22-January-2021,13:8:23,5.300000000000001,1012.9,12.299999999999997,89,77,Close
22-January-2021,13:8:24,5.300000000000001,1012.9,12.299999999999997,89,77,Close
22-January-2021,13:8:25,10.399999999999999,1015.2,14.200000000000003,63,72,Close
22-January-2021,13:8:26,10.399999999999999,1015.2,14.200000000000003,63,72,Close
22-January-2021,13:8:27,9.799999999999997,1042.4,14.600000000000001,65,75,Close
22-January-2021,13:8:28,9.799999999999997,1042.4,14.600000000000001,65,75,Close
22-January-2021,13:8:29,11.700000000000003,1094.3,14.600000000000001,89,77,Close
22-January-2021,13:8:30,11.700000000000003,1094.3,14.600000000000001,89,77,Close
22-January-2021,13:8:31,10.5,1024.8,10.600000000000001,89,76,Close
22-January-2021,13:8:32,10.5,1024.8,10.600000000000001,89,76,Close
22-January-2021,13:8:33,10.5,1024.8,10.600000000000001,89,76,Close
22-January-2021,13:8:34,5.600000000000001,1019.2,12.399999999999999,69,77,Close
22-January-2021,13:8:35,5.600000000000001,1019.2,12.399999999999999,69,77,Close
22-January-2021,13:8:36,6.300000000000001,1031.7,13.399999999999999,61,74,Close
22-January-2021,13:8:37,6.300000000000001,1031.7,13.399999999999999,61,74,Close
22-January-2021,13:8:38,14.5,1067.9,11.399999999999999,65,77,Close
22-January-2021,13:8:39,14.5,1067.9,11.399999999999999,65,77,Close
22-January-2021,13:8:40,8.200000000000003,1000.9,11.799999999999997,91,76,Close
22-January-2021,13:8:41,8.200000000000003,1000.9,11.799999999999997,91,76,Close
22-January-2021,13:8:42,11.5,1099.4,10.299999999999997,77,78,Close
22-January-2021,13:8:43,11.5,1099.4,10.299999999999997,77,78,Close
22-January-2021,13:8:44,8.799999999999997,1032.2,14.700000000000003,74,77,Close
22-January-2021,13:8:45,8.799999999999997,1032.2,14.700000000000003,74,77,Close
22-January-2021,13:8:46,9.100000000000001,1045.0,12.100000000000001,86,70,Close
22-January-2021,13:8:47,9.100000000000001,1045.0,12.100000000000001,86,70,Close
22-January-2021,13:8:48,12.799999999999997,1081.2,13.700000000000003,75,70,Close
22-January-2021,13:8:49,12.799999999999997,1081.2,13.700000000000003,75,70,Close
22-January-2021,13:8:50,5.5,1043.5,10.299999999999997,72,75,Close
22-January-2021,13:8:51,5.5,1043.5,10.299999999999997,72,75,Close
22-January-2021,13:8:52,14.799999999999997,1067.4,11.5,81,77,Close
22-January-2021,13:8:53,14.799999999999997,1067.4,11.5,81,77,Close
22-January-2021,13:8:54,6.800000000000001,1018.4,11.100000000000001,72,74,Close
22-January-2021,13:8:55,6.800000000000001,1018.4,11.100000000000001,72,74,Close
22-January-2021,13:8:56,6.800000000000001,1018.4,11.100000000000001,72,74,Close
22-January-2021,13:8:57,5.199999999999999,1042.8,12.899999999999999,75,71,Close
22-January-2021,13:8:58,5.199999999999999,1042.8,12.899999999999999,75,71,Close
22-January-2021,13:8:59,8.0,1078.7,11.0,62,79,Close
22-January-2021,13:9:0,8.0,1078.7,11.0,62,79,Close
22-January-2021,13:9:1,11.700000000000003,1088.6,11.100000000000001,87,79,Close
22-January-2021,13:9:2,11.700000000000003,1088.6,11.100000000000001,87,79,Close
22-January-2021,13:9:3,14.399999999999999,1021.7,13.600000000000001,99,74,Close
22-January-2021,13:9:4,14.399999999999999,1021.7,13.600000000000001,99,74,Close
22-January-2021,13:9:5,7.5,1089.3,13.5,91,72,Close
22-January-2021,13:9:6,7.5,1089.3,13.5,91,72,Close
22-January-2021,13:9:7,6.699999999999999,1007.9,13.600000000000001,89,70,Close
22-January-2021,13:9:8,6.699999999999999,1007.9,13.600000000000001,89,70,Close
22-January-2021,13:9:9,10.5,1069.1,13.299999999999997,97,79,Close
22-January-2021,13:9:10,10.5,1069.1,13.299999999999997,97,79,Close
22-January-2021,13:9:11,14.700000000000003,1052.7,13.0,94,79,Close
22-January-2021,13:9:12,14.700000000000003,1052.7,13.0,94,79,Close
22-January-2021,13:9:13,12.5,1044.9,13.700000000000003,96,71,Close
22-January-2021,13:9:14,12.5,1044.9,13.700000000000003,96,71,Close
22-January-2021,13:9:15,5.899999999999999,1098.1,14.899999999999999,67,73,Close
22-January-2021,13:9:16,5.899999999999999,1098.1,14.899999999999999,67,73,Close
22-January-2021,13:9:17,10.200000000000003,1066.7,13.799999999999997,76,72,Close
22-January-2021,13:9:18,10.200000000000003,1066.7,13.799999999999997,76,72,Close
22-January-2021,13:9:19,10.200000000000003,1066.7,13.799999999999997,76,72,Close
22-January-2021,13:9:20,8.399999999999999,1085.9,10.899999999999999,95,78,Close
22-January-2021,13:9:21,8.399999999999999,1085.9,10.899999999999999,95,78,Close
22-January-2021,13:9:22,8.299999999999997,1029.9,10.100000000000001,83,79,Close
22-January-2021,13:9:23,8.299999999999997,1029.9,10.100000000000001,83,79,Close
22-January-2021,13:9:24,5.300000000000001,1023.4,10.0,89,78,Close
22-January-2021,13:9:25,5.300000000000001,1023.4,10.0,89,78,Close
22-January-2021,13:9:26,10.700000000000003,1096.2,10.299999999999997,83,76,Close
22-January-2021,13:9:27,10.700000000000003,1096.2,10.299999999999997,83,76,Close
22-January-2021,13:9:28,6.699999999999999,1094.6,12.5,60,79,Close
22-January-2021,13:9:29,6.699999999999999,1094.6,12.5,60,79,Close
22-January-2021,13:9:30,7.899999999999999,1069.9,13.399999999999999,60,78,Close
22-January-2021,13:9:31,7.899999999999999,1069.9,13.399999999999999,60,78,Close
22-January-2021,13:9:32,8.100000000000001,1000.2,10.200000000000003,84,78,Close
22-January-2021,13:9:33,8.100000000000001,1000.2,10.200000000000003,84,78,Close
22-January-2021,13:9:34,12.5,1025.1,10.299999999999997,71,76,Close
22-January-2021,13:9:35,12.5,1025.1,10.299999999999997,71,76,Close
22-January-2021,13:9:36,5.300000000000001,1070.0,14.0,94,72,Close
22-January-2021,13:9:37,5.300000000000001,1070.0,14.0,94,72,Close
22-January-2021,13:9:38,9.0,1085.6,12.700000000000003,78,75,Close
22-January-2021,13:9:39,9.0,1085.6,12.700000000000003,78,75,Close
22-January-2021,13:9:40,6.100000000000001,1026.5,10.0,88,73,Close
22-January-2021,13:9:41,6.100000000000001,1026.5,10.0,88,73,Close
22-January-2021,13:9:42,6.100000000000001,1026.5,10.0,88,73,Close
22-January-2021,13:9:43,8.700000000000003,1059.0,12.899999999999999,96,72,Close
22-January-2021,13:9:44,8.700000000000003,1059.0,12.899999999999999,96,72,Close
22-January-2021,13:9:45,12.5,1031.8,10.799999999999997,90,76,Close
22-January-2021,13:9:46,12.5,1031.8,10.799999999999997,90,76,Close
22-January-2021,13:9:47,11.399999999999999,1027.0,10.0,70,78,Close
22-January-2021,13:9:48,11.399999999999999,1027.0,10.0,70,78,Close
22-January-2021,13:9:49,14.5,1058.9,10.200000000000003,75,76,Close
22-January-2021,13:9:50,14.5,1058.9,10.200000000000003,75,76,Close
22-January-2021,13:9:51,8.0,1094.0,14.700000000000003,89,79,Close
22-January-2021,13:9:52,8.0,1094.0,14.700000000000003,89,79,Close
22-January-2021,13:9:53,8.399999999999999,1085.2,13.700000000000003,60,73,Close
22-January-2021,13:9:54,8.399999999999999,1085.2,13.700000000000003,60,73,Close
22-January-2021,13:9:55,6.300000000000001,1073.4,14.0,75,71,Close
22-January-2021,13:9:56,6.300000000000001,1073.4,14.0,75,71,Close
22-January-2021,13:9:57,5.699999999999999,1027.4,14.700000000000003,87,75,Close
22-January-2021,13:9:58,5.699999999999999,1027.4,14.700000000000003,87,75,Close
22-January-2021,13:9:59,9.600000000000001,1007.5,12.0,92,73,Close
22-January-2021,13:10:0,9.600000000000001,1007.5,12.0,92,73,Close
22-January-2021,13:10:1,10.200000000000003,1071.1,13.399999999999999,80,78,Close
22-January-2021,13:10:2,10.200000000000003,1071.1,13.399999999999999,80,78,Close
22-January-2021,13:10:3,14.299999999999997,1020.9,13.799999999999997,87,75,Close
22-January-2021,13:10:4,14.299999999999997,1020.9,13.799999999999997,87,75,Close
22-January-2021,13:10:5,14.299999999999997,1020.9,13.799999999999997,87,75,Close
22-January-2021,13:10:6,9.899999999999999,1025.6,10.200000000000003,93,71,Close
22-January-2021,13:10:7,9.899999999999999,1025.6,10.200000000000003,93,71,Close
22-January-2021,13:10:8,10.5,1050.8,10.200000000000003,92,72,Close
22-January-2021,13:10:9,10.5,1050.8,10.200000000000003,92,72,Close
22-January-2021,13:10:10,7.799999999999997,1034.3,11.799999999999997,76,70,Close
22-January-2021,13:10:11,7.799999999999997,1034.3,11.799999999999997,76,70,Close
22-January-2021,13:10:12,8.799999999999997,1086.5,10.5,91,72,Close
22-January-2021,13:10:13,8.799999999999997,1086.5,10.5,91,72,Close
22-January-2021,13:10:14,7.399999999999999,1056.5,10.100000000000001,63,77,Close
22-January-2021,13:10:15,7.399999999999999,1056.5,10.100000000000001,63,77,Close
22-January-2021,13:10:16,7.200000000000003,1010.1,11.600000000000001,60,70,Close
22-January-2021,13:10:17,7.200000000000003,1010.1,11.600000000000001,60,70,Close
22-January-2021,13:10:18,10.100000000000001,1084.8,14.5,81,77,Close
22-January-2021,13:10:19,10.100000000000001,1084.8,14.5,81,77,Close
22-January-2021,13:10:20,11.200000000000003,1072.9,12.100000000000001,67,76,Close
22-January-2021,13:10:21,11.200000000000003,1072.9,12.100000000000001,67,76,Close
22-January-2021,13:10:22,9.100000000000001,1036.7,13.700000000000003,72,76,Close
22-January-2021,13:10:23,9.100000000000001,1036.7,13.700000000000003,72,76,Close
22-January-2021,13:10:24,12.100000000000001,1000.5,10.100000000000001,93,76,Close
22-January-2021,13:10:25,12.100000000000001,1000.5,10.100000000000001,93,76,Close
22-January-2021,13:10:26,11.600000000000001,1079.9,14.5,73,73,Close
22-January-2021,13:10:27,11.600000000000001,1079.9,14.5,73,73,Close
22-January-2021,13:10:28,11.600000000000001,1079.9,14.5,73,73,Close
22-January-2021,13:10:29,6.100000000000001,1050.0,10.0,84,79,Close
22-January-2021,13:10:30,6.100000000000001,1050.0,10.0,84,79,Close
22-January-2021,13:10:31,7.700000000000003,1045.8,13.0,94,77,Close
22-January-2021,13:10:32,7.700000000000003,1045.8,13.0,94,77,Close
22-January-2021,13:10:33,7.299999999999997,1058.3,10.899999999999999,77,76,Close
22-January-2021,13:10:34,7.299999999999997,1058.3,10.899999999999999,77,76,Close
22-January-2021,13:10:35,8.200000000000003,1053.5,14.799999999999997,99,75,Close
22-January-2021,13:10:36,8.200000000000003,1053.5,14.799999999999997,99,75,Close
22-January-2021,13:10:37,8.200000000000003,1052.5,12.399999999999999,69,72,Close
22-January-2021,13:10:38,8.200000000000003,1052.5,12.399999999999999,69,72,Close
22-January-2021,13:10:39,6.699999999999999,1006.5,11.700000000000003,71,72,Close
22-January-2021,13:10:40,6.699999999999999,1006.5,11.700000000000003,71,72,Close
22-January-2021,13:10:41,12.799999999999997,1080.8,13.0,91,79,Close
22-January-2021,13:10:42,12.799999999999997,1080.8,13.0,91,79,Close
22-January-2021,13:10:43,5.199999999999999,1029.6,11.5,81,74,Close
22-January-2021,13:10:44,5.199999999999999,1029.6,11.5,81,74,Close
22-January-2021,13:10:45,10.299999999999997,1082.2,13.0,67,74,Close
22-January-2021,13:10:46,10.299999999999997,1082.2,13.0,67,74,Close
22-January-2021,13:10:47,10.799999999999997,1082.9,14.0,70,70,Close
22-January-2021,13:10:48,10.799999999999997,1082.9,14.0,70,70,Close
22-January-2021,13:10:49,6.0,1090.7,13.399999999999999,98,79,Close
22-January-2021,13:10:50,6.0,1090.7,13.399999999999999,98,79,Close
22-January-2021,13:10:51,6.399999999999999,1049.7,10.5,61,74,Close
22-January-2021,13:10:52,6.399999999999999,1049.7,10.5,61,74,Close
22-January-2021,13:10:53,6.399999999999999,1049.7,10.5,61,74,Close
22-January-2021,13:10:54,8.100000000000001,1017.9,14.5,81,73,Close
22-January-2021,13:10:55,8.100000000000001,1017.9,14.5,81,73,Close
22-January-2021,13:10:56,11.600000000000001,1098.6,10.799999999999997,69,73,Close
22-January-2021,13:10:57,11.600000000000001,1098.6,10.799999999999997,69,73,Close
22-January-2021,13:10:58,8.299999999999997,1058.6,13.700000000000003,98,71,Close
22-January-2021,13:10:59,8.299999999999997,1058.6,13.700000000000003,98,71,Close
22-January-2021,13:11:0,11.200000000000003,1077.1,13.100000000000001,77,78,Close
22-January-2021,13:11:1,11.200000000000003,1077.1,13.100000000000001,77,78,Close
22-January-2021,13:11:2,6.399999999999999,1046.3,10.600000000000001,93,76,Close
22-January-2021,13:11:3,6.399999999999999,1046.3,10.600000000000001,93,76,Close
22-January-2021,13:11:4,13.600000000000001,1078.3,14.700000000000003,60,73,Close
22-January-2021,13:11:5,13.600000000000001,1078.3,14.700000000000003,60,73,Close
22-January-2021,13:11:6,6.699999999999999,1045.1,10.299999999999997,90,78,Close
22-January-2021,13:11:7,6.699999999999999,1045.1,10.299999999999997,90,78,Close
22-January-2021,13:11:8,8.899999999999999,1056.5,14.0,72,76,Close
22-January-2021,13:11:9,8.899999999999999,1056.5,14.0,72,76,Close
22-January-2021,13:11:10,14.799999999999997,1004.6,12.299999999999997,96,75,Close
22-January-2021,13:11:11,14.799999999999997,1004.6,12.299999999999997,96,75,Close
22-January-2021,13:11:12,6.5,1030.3,13.600000000000001,66,74,Close
22-January-2021,13:11:13,6.5,1030.3,13.600000000000001,66,74,Close
22-January-2021,13:11:14,6.5,1030.3,13.600000000000001,66,74,Close
22-January-2021,13:11:15,10.100000000000001,1073.1,10.600000000000001,67,75,Close
22-January-2021,13:11:16,10.100000000000001,1073.1,10.600000000000001,67,75,Close
22-January-2021,13:11:17,7.700000000000003,1075.6,10.899999999999999,81,79,Close
22-January-2021,13:11:18,7.700000000000003,1075.6,10.899999999999999,81,79,Close
22-January-2021,13:11:19,14.600000000000001,1076.5,10.600000000000001,85,70,Close
22-January-2021,13:11:20,14.600000000000001,1076.5,10.600000000000001,85,70,Close
22-January-2021,13:11:21,8.100000000000001,1039.3,14.299999999999997,70,72,Close
22-January-2021,13:11:22,8.100000000000001,1039.3,14.299999999999997,70,72,Close
22-January-2021,13:11:23,11.299999999999997,1026.2,14.799999999999997,67,79,Close
22-January-2021,13:11:24,11.299999999999997,1026.2,14.799999999999997,67,79,Close
22-January-2021,13:11:25,10.100000000000001,1088.1,14.399999999999999,98,72,Close
22-January-2021,13:11:26,10.100000000000001,1088.1,14.399999999999999,98,72,Close
22-January-2021,13:11:27,10.100000000000001,1033.3,14.100000000000001,84,79,Close
22-January-2021,13:11:28,10.100000000000001,1033.3,14.100000000000001,84,79,Close
22-January-2021,13:11:29,7.200000000000003,1057.9,14.100000000000001,82,79,Close
22-January-2021,13:11:30,7.200000000000003,1057.9,14.100000000000001,82,79,Close
22-January-2021,13:11:31,10.700000000000003,1076.9,13.700000000000003,93,77,Close
22-January-2021,13:11:32,10.700000000000003,1076.9,13.700000000000003,93,77,Close
22-January-2021,13:11:33,12.299999999999997,1066.7,11.100000000000001,92,72,Close
22-January-2021,13:11:34,12.299999999999997,1066.7,11.100000000000001,92,72,Close
22-January-2021,13:11:35,6.699999999999999,1091.2,10.700000000000003,96,74,Close
22-January-2021,13:11:36,6.699999999999999,1091.2,10.700000000000003,96,74,Close
22-January-2021,13:11:37,6.699999999999999,1091.2,10.700000000000003,96,74,Close
22-January-2021,13:11:38,8.399999999999999,1009.9,12.799999999999997,96,73,Close
22-January-2021,13:11:39,8.399999999999999,1009.9,12.799999999999997,96,73,Close
22-January-2021,13:11:40,8.700000000000003,1031.3,10.299999999999997,87,75,Close
22-January-2021,13:11:41,8.700000000000003,1031.3,10.299999999999997,87,75,Close
22-January-2021,13:11:42,14.0,1007.9,13.399999999999999,77,70,Close
22-January-2021,13:11:43,14.0,1007.9,13.399999999999999,77,70,Close
22-January-2021,13:11:44,10.5,1028.3,13.700000000000003,91,79,Close
22-January-2021,13:11:45,10.5,1028.3,13.700000000000003,91,79,Close
22-January-2021,13:11:46,13.299999999999997,1071.3,14.200000000000003,83,76,Close
22-January-2021,13:11:47,13.299999999999997,1071.3,14.200000000000003,83,76,Close
22-January-2021,13:11:48,10.100000000000001,1097.4,10.399999999999999,76,79,Close
22-January-2021,13:11:49,10.100000000000001,1097.4,10.399999999999999,76,79,Close
22-January-2021,13:11:50,5.100000000000001,1016.8,10.0,68,75,Close
22-January-2021,13:11:51,5.100000000000001,1016.8,10.0,68,75,Close
22-January-2021,13:11:52,6.699999999999999,1048.6,13.399999999999999,75,79,Close
22-January-2021,13:11:53,6.699999999999999,1048.6,13.399999999999999,75,79,Close
22-January-2021,13:11:54,10.600000000000001,1036.8,10.700000000000003,62,74,Close
22-January-2021,13:11:55,10.600000000000001,1036.8,10.700000000000003,62,74,Close
22-January-2021,13:11:56,14.0,1003.2,12.799999999999997,63,74,Close
22-January-2021,13:11:57,14.0,1003.2,12.799999999999997,63,74,Close
22-January-2021,13:11:58,10.399999999999999,1022.5,11.899999999999999,79,78,Close
22-January-2021,13:11:59,10.399999999999999,1022.5,11.899999999999999,79,78,Close
22-January-2021,13:12:0,13.799999999999997,1047.0,14.5,98,74,Close
22-January-2021,13:12:1,13.799999999999997,1047.0,14.5,98,74,Close
22-January-2021,13:12:2,13.799999999999997,1047.0,14.5,98,74,Close
22-January-2021,13:12:3,7.100000000000001,1056.4,12.0,60,76,Close
22-January-2021,13:12:4,7.100000000000001,1056.4,12.0,60,76,Close
22-January-2021,13:12:5,10.600000000000001,1066.4,12.100000000000001,67,74,Close
22-January-2021,13:12:6,10.600000000000001,1066.4,12.100000000000001,67,74,Close
22-January-2021,13:12:7,10.600000000000001,1017.2,13.399999999999999,81,74,Close
22-January-2021,13:12:8,10.600000000000001,1017.2,13.399999999999999,81,74,Close
22-January-2021,13:12:9,7.399999999999999,1093.1,11.600000000000001,65,76,Close
22-January-2021,13:12:10,7.399999999999999,1093.1,11.600000000000001,65,76,Close
22-January-2021,13:12:11,8.5,1036.9,10.200000000000003,85,73,Close
22-January-2021,13:12:12,8.5,1036.9,10.200000000000003,85,73,Close
22-January-2021,13:12:13,14.600000000000001,1083.2,12.799999999999997,93,77,Close
22-January-2021,13:12:14,14.600000000000001,1083.2,12.799999999999997,93,77,Close
22-January-2021,13:12:15,9.200000000000003,1041.3,10.299999999999997,79,76,Close
22-January-2021,13:12:16,9.200000000000003,1041.3,10.299999999999997,79,76,Close
22-January-2021,13:12:17,10.100000000000001,1019.1,12.0,71,75,Close
22-January-2021,13:12:18,10.100000000000001,1019.1,12.0,71,75,Close
22-January-2021,13:12:19,14.700000000000003,1062.5,10.700000000000003,66,70,Close
22-January-2021,13:12:20,14.700000000000003,1062.5,10.700000000000003,66,70,Close
22-January-2021,13:12:21,6.100000000000001,1022.3,10.5,88,77,Close
22-January-2021,13:12:23,6.100000000000001,1022.3,10.5,88,77,Close
22-January-2021,13:12:23,6.100000000000001,1022.3,10.5,88,77,Close
22-January-2021,13:12:24,5.199999999999999,1025.9,12.299999999999997,79,72,Close
22-January-2021,13:12:25,5.199999999999999,1025.9,12.299999999999997,79,72,Close
22-January-2021,13:12:26,9.100000000000001,1055.3,11.899999999999999,79,70,Close
22-January-2021,13:12:27,9.100000000000001,1055.3,11.899999999999999,79,70,Close
22-January-2021,13:12:29,6.300000000000001,1060.3,14.200000000000003,93,74,Close
22-January-2021,13:12:30,6.300000000000001,1060.3,14.200000000000003,93,74,Close
22-January-2021,13:12:30,14.299999999999997,1007.7,10.600000000000001,65,76,Close
22-January-2021,13:12:31,14.299999999999997,1007.7,10.600000000000001,65,76,Close
22-January-2021,13:12:32,8.5,1070.9,13.100000000000001,71,75,Close
22-January-2021,13:12:33,8.5,1070.9,13.100000000000001,71,75,Close
22-January-2021,13:12:34,10.5,1007.9,10.899999999999999,91,75,Close
22-January-2021,13:12:36,10.5,1007.9,10.899999999999999,91,75,Close
22-January-2021,13:12:36,6.800000000000001,1007.6,14.899999999999999,92,79,Close
22-January-2021,13:12:37,6.800000000000001,1007.6,14.899999999999999,92,79,Close
22-January-2021,13:12:38,11.5,1058.4,14.200000000000003,84,76,Close
22-January-2021,13:12:39,11.5,1058.4,14.200000000000003,84,76,Close
22-January-2021,13:12:41,9.799999999999997,1047.7,10.299999999999997,99,70,Close
22-January-2021,13:12:42,9.799999999999997,1047.7,10.299999999999997,99,70,Close
22-January-2021,13:12:42,12.299999999999997,1090.9,14.799999999999997,78,77,Close
22-January-2021,13:12:44,12.299999999999997,1090.9,14.799999999999997,78,77,Close
22-January-2021,13:12:45,6.300000000000001,1080.7,12.0,85,74,Close
22-January-2021,13:12:46,6.300000000000001,1080.7,12.0,85,74,Close
22-January-2021,13:12:46,6.300000000000001,1080.7,12.0,85,74,Close
22-January-2021,13:12:48,9.399999999999999,1047.5,10.0,98,71,Close
22-January-2021,13:12:48,9.399999999999999,1047.5,10.0,98,71,Close
22-January-2021,13:12:49,12.799999999999997,1058.9,12.299999999999997,78,79,Close
22-January-2021,13:12:50,12.799999999999997,1058.9,12.299999999999997,78,79,Close
22-January-2021,13:12:52,9.899999999999999,1004.9,11.100000000000001,64,78,Close
22-January-2021,13:12:53,9.899999999999999,1004.9,11.100000000000001,64,78,Close
22-January-2021,13:12:54,5.300000000000001,1070.6,13.399999999999999,99,71,Close
22-January-2021,13:12:54,5.300000000000001,1070.6,13.399999999999999,99,71,Close
22-January-2021,13:12:56,10.799999999999997,1089.2,12.0,98,74,Close
22-January-2021,13:12:57,10.799999999999997,1089.2,12.0,98,74,Close
22-January-2021,13:12:57,13.700000000000003,1038.5,11.700000000000003,83,75,Close
22-January-2021,13:12:59,13.700000000000003,1038.5,11.700000000000003,83,75,Close
22-January-2021,13:13:0,9.399999999999999,1037.3,14.899999999999999,85,75,Close
22-January-2021,13:13:1,9.399999999999999,1037.3,14.899999999999999,85,75,Close
22-January-2021,13:13:2,6.5,1025.8,10.700000000000003,89,72,Close
22-January-2021,13:13:3,6.5,1025.8,10.700000000000003,89,72,Close
22-January-2021,13:13:4,14.600000000000001,1092.8,14.899999999999999,93,72,Close
22-January-2021,13:13:5,14.600000000000001,1092.8,14.899999999999999,93,72,Close
22-January-2021,13:13:6,10.600000000000001,1019.6,14.399999999999999,95,77,Close
22-January-2021,13:13:7,10.600000000000001,1019.6,14.399999999999999,95,77,Close
22-January-2021,13:13:8,9.0,1048.8,14.399999999999999,77,71,Close
22-January-2021,13:13:9,9.0,1048.8,14.399999999999999,77,71,Close
22-January-2021,13:13:10,9.0,1048.8,14.399999999999999,77,71,Close
22-January-2021,13:13:11,13.0,1089.6,13.799999999999997,87,76,Close
22-January-2021,13:13:12,13.0,1089.6,13.799999999999997,87,76,Close
22-January-2021,13:13:13,12.100000000000001,1036.6,14.200000000000003,72,71,Close
22-January-2021,13:13:14,12.100000000000001,1036.6,14.200000000000003,72,71,Close
22-January-2021,13:13:15,8.100000000000001,1092.8,14.299999999999997,71,71,Close
22-January-2021,13:13:16,8.100000000000001,1092.8,14.299999999999997,71,71,Close
22-January-2021,13:13:17,12.100000000000001,1085.8,13.5,79,78,Close
22-January-2021,13:13:18,12.100000000000001,1085.8,13.5,79,78,Close
22-January-2021,13:13:19,12.700000000000003,1049.1,14.600000000000001,92,73,Close
22-January-2021,13:13:20,12.700000000000003,1049.1,14.600000000000001,92,73,Close
22-January-2021,13:13:21,11.100000000000001,1018.0,14.5,87,72,Close
22-January-2021,13:13:22,11.100000000000001,1018.0,14.5,87,72,Close
22-January-2021,13:13:23,6.600000000000001,1012.8,14.5,93,70,Close
22-January-2021,13:13:24,6.600000000000001,1012.8,14.5,93,70,Close
22-January-2021,13:13:25,6.5,1050.7,10.0,92,78,Close
22-January-2021,13:13:26,6.5,1050.7,10.0,92,78,Close
22-January-2021,13:13:27,7.5,1045.5,12.299999999999997,66,73,Close
22-January-2021,13:13:28,7.5,1045.5,12.299999999999997,66,73,Close
22-January-2021,13:13:29,10.799999999999997,1090.9,13.0,92,79,Close
22-January-2021,13:13:30,10.799999999999997,1090.9,13.0,92,79,Close
22-January-2021,13:13:31,9.100000000000001,1006.5,13.399999999999999,77,72,Close
22-January-2021,13:13:32,9.100000000000001,1006.5,13.399999999999999,77,72,Close
22-January-2021,13:13:33,10.0,1035.8,14.700000000000003,87,73,Close
22-January-2021,13:13:34,10.0,1035.8,14.700000000000003,87,73,Close
22-January-2021,13:13:35,8.200000000000003,1098.7,10.700000000000003,88,78,Close
22-January-2021,13:13:36,8.200000000000003,1098.7,10.700000000000003,88,78,Close
22-January-2021,13:13:37,6.800000000000001,1037.0,10.899999999999999,98,71,Close
22-January-2021,13:13:38,6.800000000000001,1037.0,10.899999999999999,98,71,Close
22-January-2021,13:13:39,6.800000000000001,1037.0,10.899999999999999,98,71,Close
22-January-2021,13:13:40,13.0,1097.0,10.600000000000001,66,73,Close
22-January-2021,13:13:41,13.0,1097.0,10.600000000000001,66,73,Close
22-January-2021,13:13:42,8.299999999999997,1004.1,11.0,66,72,Close
22-January-2021,13:13:43,8.299999999999997,1004.1,11.0,66,72,Close
22-January-2021,13:13:44,11.5,1046.4,14.799999999999997,62,79,Close
22-January-2021,13:13:45,11.5,1046.4,14.799999999999997,62,79,Close
22-January-2021,13:13:46,8.600000000000001,1043.0,14.0,85,77,Close
22-January-2021,13:13:47,8.600000000000001,1043.0,14.0,85,77,Close
22-January-2021,13:13:48,11.200000000000003,1053.3,10.600000000000001,75,73,Close
22-January-2021,13:13:49,11.200000000000003,1053.3,10.600000000000001,75,73,Close
22-January-2021,13:13:50,5.5,1017.9,10.399999999999999,79,75,Close
22-January-2021,13:13:51,5.5,1017.9,10.399999999999999,79,75,Close
22-January-2021,13:13:52,9.700000000000003,1079.4,14.899999999999999,78,71,Close
22-January-2021,13:13:53,9.700000000000003,1079.4,14.899999999999999,78,71,Close
22-January-2021,13:13:54,12.200000000000003,1055.3,10.5,77,70,Close
22-January-2021,13:13:55,12.200000000000003,1055.3,10.5,77,70,Close
22-January-2021,13:13:56,10.600000000000001,1003.0,10.100000000000001,67,77,Close
22-January-2021,13:13:57,10.600000000000001,1003.0,10.100000000000001,67,77,Close
22-January-2021,13:13:58,12.0,1018.0,14.899999999999999,73,72,Close
22-January-2021,13:13:59,12.0,1018.0,14.899999999999999,73,72,Close
22-January-2021,13:14:0,12.0,1018.0,14.899999999999999,73,72,Close
22-January-2021,13:14:1,6.0,1012.1,10.100000000000001,80,75,Close
22-January-2021,13:14:2,6.0,1012.1,10.100000000000001,80,75,Close
22-January-2021,13:14:3,8.0,1053.5,13.399999999999999,69,76,Close
22-January-2021,13:14:4,8.0,1053.5,13.399999999999999,69,76,Close
22-January-2021,13:14:5,9.600000000000001,1028.3,13.600000000000001,99,78,Close
22-January-2021,13:14:6,9.600000000000001,1028.3,13.600000000000001,99,78,Close
22-January-2021,13:14:7,6.699999999999999,1010.1,14.600000000000001,81,78,Close
22-January-2021,13:14:8,6.699999999999999,1010.1,14.600000000000001,81,78,Close
22-January-2021,13:14:9,5.0,1085.0,11.700000000000003,96,71,Close
22-January-2021,13:14:10,5.0,1085.0,11.700000000000003,96,71,Close
22-January-2021,13:14:11,13.299999999999997,1097.9,10.0,72,78,Close
22-January-2021,13:14:12,13.299999999999997,1097.9,10.0,72,78,Close
22-January-2021,13:14:13,6.899999999999999,1075.8,12.299999999999997,74,79,Close
22-January-2021,13:14:14,6.899999999999999,1075.8,12.299999999999997,74,79,Close
22-January-2021,13:14:15,13.200000000000003,1096.8,12.0,86,72,Close
22-January-2021,13:14:16,13.200000000000003,1096.8,12.0,86,72,Close
22-January-2021,13:14:17,14.399999999999999,1010.8,12.200000000000003,76,76,Close
22-January-2021,13:14:18,14.399999999999999,1010.8,12.200000000000003,76,76,Close
22-January-2021,13:14:19,14.0,1094.4,13.299999999999997,92,75,Close
22-January-2021,13:14:20,14.0,1094.4,13.299999999999997,92,75,Close
22-January-2021,13:14:21,8.899999999999999,1008.2,14.399999999999999,96,79,Close
22-January-2021,13:14:22,8.899999999999999,1008.2,14.399999999999999,96,79,Close
22-January-2021,13:14:23,9.600000000000001,1078.8,10.700000000000003,72,70,Close
22-January-2021,13:14:24,9.600000000000001,1078.8,10.700000000000003,72,70,Close
22-January-2021,13:14:25,9.600000000000001,1078.8,10.700000000000003,72,70,Close
22-January-2021,13:14:26,13.600000000000001,1082.0,12.899999999999999,93,72,Close
22-January-2021,13:14:27,13.600000000000001,1082.0,12.899999999999999,93,72,Close
22-January-2021,13:14:28,10.600000000000001,1083.2,13.100000000000001,97,73,Close
22-January-2021,13:14:29,10.600000000000001,1083.2,13.100000000000001,97,73,Close
22-January-2021,13:14:30,7.299999999999997,1026.7,12.700000000000003,62,71,Close
22-January-2021,13:14:31,7.299999999999997,1026.7,12.700000000000003,62,71,Close
22-January-2021,13:14:32,7.700000000000003,1081.9,11.100000000000001,69,73,Close
22-January-2021,13:14:33,7.700000000000003,1081.9,11.100000000000001,69,73,Close
22-January-2021,13:14:34,6.199999999999999,1001.3,12.200000000000003,99,74,Close
22-January-2021,13:14:35,6.199999999999999,1001.3,12.200000000000003,99,74,Close
22-January-2021,13:14:36,9.0,1053.9,10.700000000000003,93,78,Close
22-January-2021,13:14:37,9.0,1053.9,10.700000000000003,93,78,Close
22-January-2021,13:14:38,11.600000000000001,1052.7,12.600000000000001,89,71,Close
22-January-2021,13:14:39,11.600000000000001,1052.7,12.600000000000001,89,71,Close
22-January-2021,13:14:40,6.100000000000001,1030.4,14.200000000000003,84,71,Close
22-January-2021,13:14:41,6.100000000000001,1030.4,14.200000000000003,84,71,Close
22-January-2021,13:14:42,8.5,1004.3,11.299999999999997,62,72,Close
22-January-2021,13:14:43,8.5,1004.3,11.299999999999997,62,72,Close
22-January-2021,13:14:44,6.699999999999999,1027.7,12.899999999999999,73,70,Close
22-January-2021,13:14:45,6.699999999999999,1027.7,12.899999999999999,73,70,Close
22-January-2021,13:14:46,5.800000000000001,1046.3,11.799999999999997,62,74,Close
22-January-2021,13:14:47,5.800000000000001,1046.3,11.799999999999997,62,74,Close
22-January-2021,13:14:48,5.800000000000001,1046.3,11.799999999999997,62,74,Close
22-January-2021,13:14:49,13.299999999999997,1046.3,10.899999999999999,76,70,Close
22-January-2021,13:14:50,13.299999999999997,1046.3,10.899999999999999,76,70,Close
22-January-2021,13:14:51,6.600000000000001,1029.3,13.299999999999997,76,79,Close
22-January-2021,13:14:52,6.600000000000001,1029.3,13.299999999999997,76,79,Close
22-January-2021,13:14:53,6.600000000000001,1008.8,12.0,73,79,Close
22-January-2021,13:14:54,6.600000000000001,1008.8,12.0,73,79,Close
22-January-2021,13:14:55,13.799999999999997,1028.7,10.700000000000003,84,70,Close
22-January-2021,13:14:56,13.799999999999997,1028.7,10.700000000000003,84,70,Close
22-January-2021,13:14:57,7.100000000000001,1030.4,10.399999999999999,76,75,Close
22-January-2021,13:14:58,7.100000000000001,1030.4,10.399999999999999,76,75,Close
22-January-2021,13:14:59,12.0,1079.1,11.899999999999999,63,72,Close
22-January-2021,13:15:0,12.0,1079.1,11.899999999999999,63,72,Close
22-January-2021,13:15:1,12.299999999999997,1022.7,14.799999999999997,69,77,Close
22-January-2021,13:15:2,12.299999999999997,1022.7,14.799999999999997,69,77,Close
22-January-2021,13:15:3,9.0,1078.3,13.5,78,78,Close
22-January-2021,13:15:4,9.0,1078.3,13.5,78,78,Close
22-January-2021,13:15:5,12.100000000000001,1050.5,11.700000000000003,60,70,Close
22-January-2021,13:15:6,12.100000000000001,1050.5,11.700000000000003,60,70,Close
22-January-2021,13:15:7,11.200000000000003,1042.0,14.600000000000001,62,77,Close
22-January-2021,13:15:8,11.200000000000003,1042.0,14.600000000000001,62,77,Close
22-January-2021,13:15:9,11.200000000000003,1042.0,14.600000000000001,62,77,Close
22-January-2021,13:15:10,12.399999999999999,1072.5,14.100000000000001,70,79,Close
22-January-2021,13:15:11,12.399999999999999,1072.5,14.100000000000001,70,79,Close
22-January-2021,13:15:12,5.300000000000001,1048.1,13.899999999999999,61,75,Close
22-January-2021,13:15:13,5.300000000000001,1048.1,13.899999999999999,61,75,Close
22-January-2021,13:15:14,11.399999999999999,1074.1,13.399999999999999,67,73,Close
22-January-2021,13:15:15,11.399999999999999,1074.1,13.399999999999999,67,73,Close
22-January-2021,13:15:16,11.200000000000003,1057.7,10.799999999999997,66,79,Close
22-January-2021,13:15:17,11.200000000000003,1057.7,10.799999999999997,66,79,Close
22-January-2021,13:15:18,5.699999999999999,1019.0,10.600000000000001,82,73,Close
22-January-2021,13:15:19,5.699999999999999,1019.0,10.600000000000001,82,73,Close
22-January-2021,13:15:20,8.5,1018.5,13.200000000000003,95,71,Close
22-January-2021,13:15:21,8.5,1018.5,13.200000000000003,95,71,Close
22-January-2021,13:15:22,11.700000000000003,1085.3,12.700000000000003,72,72,Close
22-January-2021,13:15:23,11.700000000000003,1085.3,12.700000000000003,72,72,Close
22-January-2021,13:15:24,7.200000000000003,1047.3,11.799999999999997,67,71,Close
22-January-2021,13:15:25,7.200000000000003,1047.3,11.799999999999997,67,71,Close
22-January-2021,13:15:26,11.899999999999999,1079.2,14.299999999999997,96,78,Close
22-January-2021,13:15:27,11.899999999999999,1079.2,14.299999999999997,96,78,Close
22-January-2021,13:15:28,13.600000000000001,1060.2,12.799999999999997,95,74,Close
22-January-2021,13:15:29,13.600000000000001,1060.2,12.799999999999997,95,74,Close
22-January-2021,13:15:30,11.0,1077.1,10.299999999999997,63,73,Close
22-January-2021,13:15:31,11.0,1077.1,10.299999999999997,63,73,Close
22-January-2021,13:15:32,11.0,1077.1,10.299999999999997,63,73,Close
22-January-2021,13:15:33,10.299999999999997,1089.8,10.100000000000001,85,71,Close
22-January-2021,13:15:34,10.299999999999997,1089.8,10.100000000000001,85,71,Close
22-January-2021,13:15:35,12.100000000000001,1007.2,13.200000000000003,87,75,Close
22-January-2021,13:15:36,12.100000000000001,1007.2,13.200000000000003,87,75,Close
22-January-2021,13:15:37,6.800000000000001,1083.9,10.700000000000003,96,71,Close
22-January-2021,13:15:38,6.800000000000001,1083.9,10.700000000000003,96,71,Close
22-January-2021,13:15:39,13.799999999999997,1040.9,10.399999999999999,72,77,Close
22-January-2021,13:15:40,13.799999999999997,1040.9,10.399999999999999,72,77,Close
22-January-2021,13:15:41,14.899999999999999,1000.0,11.899999999999999,96,75,Close
22-January-2021,13:15:42,14.899999999999999,1000.0,11.899999999999999,96,75,Close
22-January-2021,13:15:43,14.700000000000003,1017.4,13.600000000000001,95,77,Close
22-January-2021,13:15:44,14.700000000000003,1017.4,13.600000000000001,95,77,Close
22-January-2021,13:15:45,8.200000000000003,1082.6,11.299999999999997,81,70,Close
22-January-2021,13:15:46,8.200000000000003,1082.6,11.299999999999997,81,70,Close
22-January-2021,13:15:47,12.600000000000001,1019.4,11.0,62,71,Close
22-January-2021,13:15:48,12.600000000000001,1019.4,11.0,62,71,Close
22-January-2021,13:15:49,14.799999999999997,1043.3,11.0,80,79,Close
22-January-2021,13:15:50,14.799999999999997,1043.3,11.0,80,79,Close
22-January-2021,13:15:51,14.600000000000001,1037.2,14.200000000000003,74,71,Close
22-January-2021,13:15:52,14.600000000000001,1037.2,14.200000000000003,74,71,Close
22-January-2021,13:15:53,13.700000000000003,1001.3,14.100000000000001,98,70,Close
22-January-2021,13:15:54,13.700000000000003,1001.3,14.100000000000001,98,70,Close
22-January-2021,13:15:55,5.0,1099.1,10.100000000000001,96,74,Close
22-January-2021,13:15:56,5.0,1099.1,10.100000000000001,96,74,Close
22-January-2021,13:15:57,5.0,1099.1,10.100000000000001,96,74,Close
22-January-2021,13:15:58,5.199999999999999,1098.0,13.899999999999999,67,72,Close
22-January-2021,13:15:59,5.199999999999999,1098.0,13.899999999999999,67,72,Close
22-January-2021,13:16:0,5.300000000000001,1062.5,12.200000000000003,88,70,Close
22-January-2021,13:16:1,5.300000000000001,1062.5,12.200000000000003,88,70,Close
22-January-2021,13:16:2,5.300000000000001,1077.8,12.100000000000001,85,70,Close
22-January-2021,13:16:3,5.300000000000001,1077.8,12.100000000000001,85,70,Close
22-January-2021,13:16:4,7.600000000000001,1054.9,13.0,78,72,Close
22-January-2021,13:16:5,7.600000000000001,1054.9,13.0,78,72,Close
22-January-2021,13:16:6,13.700000000000003,1000.1,12.799999999999997,76,77,Close
22-January-2021,13:16:7,13.700000000000003,1000.1,12.799999999999997,76,77,Close
22-January-2021,13:16:8,12.299999999999997,1087.8,13.600000000000001,81,71,Close
22-January-2021,13:16:9,12.299999999999997,1087.8,13.600000000000001,81,71,Close
22-January-2021,13:16:10,10.0,1039.9,14.700000000000003,63,73,Close
22-January-2021,13:16:11,10.0,1039.9,14.700000000000003,63,73,Close
22-January-2021,13:16:12,14.700000000000003,1046.4,14.899999999999999,82,75,Close
22-January-2021,13:16:13,14.700000000000003,1046.4,14.899999999999999,82,75,Close
22-January-2021,13:16:14,6.899999999999999,1008.2,13.5,97,71,Close
22-January-2021,13:16:15,6.899999999999999,1008.2,13.5,97,71,Close
22-January-2021,13:16:16,14.100000000000001,1027.5,14.700000000000003,82,78,Close
22-January-2021,13:16:17,14.100000000000001,1027.5,14.700000000000003,82,78,Close
22-January-2021,13:16:18,6.5,1093.8,13.799999999999997,79,75,Close
22-January-2021,13:16:19,6.5,1093.8,13.799999999999997,79,75,Close
22-January-2021,13:16:20,6.5,1093.8,13.799999999999997,79,75,Close
22-January-2021,13:16:21,9.0,1070.4,11.0,66,75,Close
22-January-2021,13:16:22,9.0,1070.4,11.0,66,75,Close
22-January-2021,13:16:23,11.399999999999999,1076.1,12.100000000000001,94,72,Close
22-January-2021,13:16:24,11.399999999999999,1076.1,12.100000000000001,94,72,Close
22-January-2021,13:16:25,5.0,1088.5,10.0,63,74,Close
22-January-2021,13:16:26,5.0,1088.5,10.0,63,74,Close
22-January-2021,13:16:27,10.299999999999997,1073.5,12.799999999999997,99,77,Close
22-January-2021,13:16:28,10.299999999999997,1073.5,12.799999999999997,99,77,Close
22-January-2021,13:16:29,9.399999999999999,1028.5,12.200000000000003,80,70,Close
22-January-2021,13:16:30,9.399999999999999,1028.5,12.200000000000003,80,70,Close
22-January-2021,13:16:31,10.799999999999997,1038.6,13.5,70,75,Close
22-January-2021,13:16:32,10.799999999999997,1038.6,13.5,70,75,Close
22-January-2021,13:16:33,6.0,1048.4,11.100000000000001,96,76,Close
22-January-2021,13:16:34,6.0,1048.4,11.100000000000001,96,76,Close
22-January-2021,13:16:35,7.5,1072.0,14.100000000000001,89,73,Close
22-January-2021,13:16:36,7.5,1072.0,14.100000000000001,89,73,Close
22-January-2021,13:16:37,9.799999999999997,1061.0,12.5,96,72,Close
22-January-2021,13:16:38,9.799999999999997,1061.0,12.5,96,72,Close
22-January-2021,13:16:39,12.5,1024.9,10.0,72,77,Close
22-January-2021,13:16:40,12.5,1024.9,10.0,72,77,Close
22-January-2021,13:16:41,9.5,1043.0,13.0,96,79,Close
22-January-2021,13:16:42,9.5,1043.0,13.0,96,79,Close
22-January-2021,13:16:43,9.5,1043.0,13.0,96,79,Close
22-January-2021,13:16:44,9.0,1092.3,14.299999999999997,79,79,Close
22-January-2021,13:16:45,9.0,1092.3,14.299999999999997,79,79,Close
22-January-2021,13:16:46,10.600000000000001,1019.7,12.200000000000003,95,72,Close
22-January-2021,13:16:47,10.600000000000001,1019.7,12.200000000000003,95,72,Close
22-January-2021,13:16:48,5.800000000000001,1024.2,10.0,77,76,Close
22-January-2021,13:16:49,5.800000000000001,1024.2,10.0,77,76,Close
22-January-2021,13:16:50,8.100000000000001,1075.5,11.200000000000003,99,76,Close
22-January-2021,13:16:51,8.100000000000001,1075.5,11.200000000000003,99,76,Close
22-January-2021,13:16:52,7.299999999999997,1082.2,12.0,99,76,Close
22-January-2021,13:16:53,7.299999999999997,1082.2,12.0,99,76,Close
22-January-2021,13:16:54,7.299999999999997,1034.7,13.100000000000001,76,72,Close
22-January-2021,13:16:55,7.299999999999997,1034.7,13.100000000000001,76,72,Close
22-January-2021,13:16:56,9.5,1049.9,14.299999999999997,97,73,Close
22-January-2021,13:16:57,9.5,1049.9,14.299999999999997,97,73,Close
22-January-2021,13:16:58,11.100000000000001,1000.0,14.0,85,75,Close
22-January-2021,13:16:59,11.100000000000001,1000.0,14.0,85,75,Close
22-January-2021,13:17:0,8.200000000000003,1080.7,12.299999999999997,71,70,Close
22-January-2021,13:17:1,8.200000000000003,1080.7,12.299999999999997,71,70,Close
22-January-2021,13:17:2,14.0,1095.6,13.799999999999997,76,71,Close
22-January-2021,13:17:3,14.0,1095.6,13.799999999999997,76,71,Close
22-January-2021,13:17:4,10.899999999999999,1027.8,12.200000000000003,75,74,Close
22-January-2021,13:17:5,10.899999999999999,1027.8,12.200000000000003,75,74,Close
22-January-2021,13:17:6,10.899999999999999,1027.8,12.200000000000003,75,74,Close
22-January-2021,13:17:7,5.399999999999999,1030.8,14.5,74,74,Close
22-January-2021,13:17:8,5.399999999999999,1030.8,14.5,74,74,Close
22-January-2021,13:17:9,10.0,1080.6,11.299999999999997,91,77,Close
22-January-2021,13:17:11,10.0,1080.6,11.299999999999997,91,77,Close
22-January-2021,13:17:11,11.700000000000003,1042.5,14.5,64,74,Close
22-January-2021,13:17:12,11.700000000000003,1042.5,14.5,64,74,Close
22-January-2021,13:17:13,6.800000000000001,1000.2,14.200000000000003,70,74,Close
22-January-2021,13:17:15,6.800000000000001,1000.2,14.200000000000003,70,74,Close
22-January-2021,13:17:15,7.399999999999999,1014.2,14.299999999999997,84,72,Close
22-January-2021,13:17:16,7.399999999999999,1014.2,14.299999999999997,84,72,Close
22-January-2021,13:17:17,10.100000000000001,1007.8,13.100000000000001,82,77,Close
22-January-2021,13:17:19,10.100000000000001,1007.8,13.100000000000001,82,77,Close
22-January-2021,13:17:19,7.899999999999999,1013.5,13.899999999999999,82,79,Close
22-January-2021,13:17:20,7.899999999999999,1013.5,13.899999999999999,82,79,Close
22-January-2021,13:17:22,13.899999999999999,1010.7,13.399999999999999,65,73,Close
22-January-2021,13:17:22,13.899999999999999,1010.7,13.399999999999999,65,73,Close
22-January-2021,13:17:24,13.0,1005.6,10.100000000000001,76,79,Close
22-January-2021,13:17:24,13.0,1005.6,10.100000000000001,76,79,Close
22-January-2021,13:17:25,12.700000000000003,1007.1,10.899999999999999,82,78,Close
22-January-2021,13:17:26,12.700000000000003,1007.1,10.899999999999999,82,78,Close
22-January-2021,13:17:27,12.700000000000003,1007.1,10.899999999999999,82,78,Close
22-January-2021,13:17:28,14.200000000000003,1011.5,14.200000000000003,82,79,Close
22-January-2021,13:17:29,14.200000000000003,1011.5,14.200000000000003,82,79,Close
22-January-2021,13:17:30,10.200000000000003,1054.9,12.899999999999999,93,78,Close
22-January-2021,13:17:32,10.200000000000003,1054.9,12.899999999999999,93,78,Close
22-January-2021,13:17:32,11.399999999999999,1048.9,12.100000000000001,60,79,Close
22-January-2021,13:17:34,11.399999999999999,1048.9,12.100000000000001,60,79,Close
22-January-2021,13:17:34,7.899999999999999,1036.2,11.799999999999997,66,72,Close
22-January-2021,13:17:35,7.899999999999999,1036.2,11.799999999999997,66,72,Close
22-January-2021,13:17:36,10.799999999999997,1071.9,12.700000000000003,64,72,Close
22-January-2021,13:17:38,10.799999999999997,1071.9,12.700000000000003,64,72,Close
22-January-2021,13:17:39,9.600000000000001,1018.7,14.299999999999997,77,76,Close
22-January-2021,13:17:40,9.600000000000001,1018.7,14.299999999999997,77,76,Close
22-January-2021,13:17:41,11.399999999999999,1048.0,10.399999999999999,77,76,Close
22-January-2021,13:17:41,11.399999999999999,1048.0,10.399999999999999,77,76,Close
22-January-2021,13:17:43,12.0,1058.8,11.0,97,78,Close
22-January-2021,13:17:44,12.0,1058.8,11.0,97,78,Close
22-January-2021,13:17:44,12.600000000000001,1018.0,10.399999999999999,77,70,Close
22-January-2021,13:17:46,12.600000000000001,1018.0,10.399999999999999,77,70,Close
22-January-2021,13:17:46,14.899999999999999,1092.7,11.5,64,75,Close
22-January-2021,13:17:47,14.899999999999999,1092.7,11.5,64,75,Close
22-January-2021,13:17:48,10.399999999999999,1030.1,13.200000000000003,76,78,Close
22-January-2021,13:17:50,10.399999999999999,1030.1,13.200000000000003,76,78,Close
22-January-2021,13:17:50,10.399999999999999,1030.1,13.200000000000003,76,78,Close
22-January-2021,13:17:51,12.799999999999997,1075.0,13.700000000000003,72,71,Close
22-January-2021,13:17:53,12.799999999999997,1075.0,13.700000000000003,72,71,Close
22-January-2021,13:17:54,10.600000000000001,1090.3,10.200000000000003,62,79,Close
22-January-2021,13:17:54,10.600000000000001,1090.3,10.200000000000003,62,79,Close
22-January-2021,13:17:55,11.0,1050.8,10.299999999999997,70,77,Close
22-January-2021,13:17:57,11.0,1050.8,10.299999999999997,70,77,Close
22-January-2021,13:17:58,12.100000000000001,1020.6,10.799999999999997,69,79,Close
22-January-2021,13:17:59,12.100000000000001,1020.6,10.799999999999997,69,79,Close
22-January-2021,13:17:59,11.299999999999997,1034.1,11.299999999999997,67,78,Close
22-January-2021,13:18:1,11.299999999999997,1034.1,11.299999999999997,67,78,Close
22-January-2021,13:18:2,11.200000000000003,1075.5,14.200000000000003,66,78,Close
22-January-2021,13:18:3,11.200000000000003,1075.5,14.200000000000003,66,78,Close
22-January-2021,13:18:4,11.600000000000001,1027.3,10.100000000000001,82,78,Close
22-January-2021,13:18:5,11.600000000000001,1027.3,10.100000000000001,82,78,Close
22-January-2021,13:18:6,13.899999999999999,1053.3,13.799999999999997,70,77,Close
22-January-2021,13:18:7,13.899999999999999,1053.3,13.799999999999997,70,77,Close
22-January-2021,13:18:8,5.800000000000001,1028.3,11.100000000000001,84,74,Close
22-January-2021,13:18:9,5.800000000000001,1028.3,11.100000000000001,84,74,Close
22-January-2021,13:18:10,9.899999999999999,1022.3,14.600000000000001,86,77,Close
22-January-2021,13:18:11,9.899999999999999,1022.3,14.600000000000001,86,77,Close
22-January-2021,13:18:12,10.200000000000003,1023.8,14.100000000000001,73,78,Close
22-January-2021,13:18:13,10.200000000000003,1023.8,14.100000000000001,73,78,Close
22-January-2021,13:18:14,7.0,1003.0,11.200000000000003,75,70,Close
22-January-2021,13:18:15,7.0,1003.0,11.200000000000003,75,70,Close
22-January-2021,13:18:16,7.0,1003.0,11.200000000000003,75,70,Close
22-January-2021,13:18:17,11.700000000000003,1057.7,12.399999999999999,72,72,Close
22-January-2021,13:18:18,11.700000000000003,1057.7,12.399999999999999,72,72,Close
22-January-2021,13:18:19,13.200000000000003,1091.0,14.799999999999997,97,79,Close
22-January-2021,13:18:20,13.200000000000003,1091.0,14.799999999999997,97,79,Close
22-January-2021,13:18:21,9.299999999999997,1045.3,12.299999999999997,72,74,Close
22-January-2021,13:18:22,9.299999999999997,1045.3,12.299999999999997,72,74,Close
22-January-2021,13:18:23,13.700000000000003,1017.2,14.799999999999997,76,75,Close
22-January-2021,13:18:24,13.700000000000003,1017.2,14.799999999999997,76,75,Close
22-January-2021,13:18:25,6.800000000000001,1042.9,11.899999999999999,94,74,Close
22-January-2021,13:18:26,6.800000000000001,1042.9,11.899999999999999,94,74,Close
22-January-2021,13:18:27,7.899999999999999,1040.4,14.700000000000003,99,73,Close
22-January-2021,13:18:28,7.899999999999999,1040.4,14.700000000000003,99,73,Close
22-January-2021,13:18:29,6.800000000000001,1078.6,11.0,94,73,Close
22-January-2021,13:18:30,6.800000000000001,1078.6,11.0,94,73,Close
22-January-2021,13:18:31,14.799999999999997,1035.1,13.5,82,76,Close
22-January-2021,13:18:32,14.799999999999997,1035.1,13.5,82,76,Close
22-January-2021,13:18:33,12.899999999999999,1061.2,12.200000000000003,79,72,Close
22-January-2021,13:18:34,12.899999999999999,1061.2,12.200000000000003,79,72,Close
22-January-2021,13:18:35,9.299999999999997,1020.3,11.700000000000003,77,72,Close
22-January-2021,13:18:36,9.299999999999997,1020.3,11.700000000000003,77,72,Close
22-January-2021,13:18:37,9.299999999999997,1020.3,11.700000000000003,77,72,Close
22-January-2021,13:18:38,10.0,1082.6,12.0,79,77,Close
22-January-2021,13:18:39,10.0,1082.6,12.0,79,77,Close
22-January-2021,13:18:40,5.100000000000001,1004.1,10.399999999999999,82,78,Close
22-January-2021,13:18:41,5.100000000000001,1004.1,10.399999999999999,82,78,Close
22-January-2021,13:18:42,9.399999999999999,1076.3,11.299999999999997,95,73,Close
22-January-2021,13:18:43,9.399999999999999,1076.3,11.299999999999997,95,73,Close
22-January-2021,13:18:44,8.799999999999997,1077.1,10.899999999999999,79,72,Close
22-January-2021,13:18:45,8.799999999999997,1077.1,10.899999999999999,79,72,Close
22-January-2021,13:18:46,8.200000000000003,1076.6,10.899999999999999,71,77,Close
22-January-2021,13:18:47,8.200000000000003,1076.6,10.899999999999999,71,77,Close
22-January-2021,13:18:48,13.399999999999999,1072.4,10.5,98,70,Close
22-January-2021,13:18:49,13.399999999999999,1072.4,10.5,98,70,Close
22-January-2021,13:18:50,12.0,1085.2,14.600000000000001,87,73,Close
22-January-2021,13:18:51,12.0,1085.2,14.600000000000001,87,73,Close
22-January-2021,13:18:52,8.799999999999997,1064.2,10.299999999999997,72,79,Close
22-January-2021,13:18:53,8.799999999999997,1064.2,10.299999999999997,72,79,Close
22-January-2021,13:18:54,9.799999999999997,1049.0,13.700000000000003,66,75,Close
22-January-2021,13:18:55,9.799999999999997,1049.0,13.700000000000003,66,75,Close
22-January-2021,13:24:21,11.0,1064.5,10.700000000000003,92,79,Close
22-January-2021,13:24:22,11.0,1064.5,10.700000000000003,92,79,Close
22-January-2021,13:24:23,6.899999999999999,1092.3,11.799999999999997,97,73,Close
22-January-2021,13:24:24,6.899999999999999,1092.3,11.799999999999997,97,73,Close
22-January-2021,13:24:25,14.0,1056.9,10.700000000000003,98,77,Close
22-January-2021,13:24:26,14.0,1056.9,10.700000000000003,98,77,Close
22-January-2021,13:24:29,8.600000000000001,1029.6,10.399999999999999,98,75,Close
22-January-2021,13:24:30,8.600000000000001,1029.6,10.399999999999999,98,75,Close
22-January-2021,13:24:31,14.799999999999997,1004.3,11.600000000000001,76,74,Close
22-January-2021,13:24:32,14.799999999999997,1004.3,11.600000000000001,76,74,Close
22-January-2021,13:24:33,7.899999999999999,1096.2,10.600000000000001,77,73,Close
22-January-2021,13:24:35,7.899999999999999,1096.2,10.600000000000001,77,73,Close
22-January-2021,13:24:35,7.299999999999997,1022.7,11.100000000000001,73,71,Close
22-January-2021,13:24:36,7.299999999999997,1022.7,11.100000000000001,73,71,Close
22-January-2021,13:24:37,8.899999999999999,1029.1,13.899999999999999,72,73,Close
22-January-2021,13:24:38,8.899999999999999,1029.1,13.899999999999999,72,73,Close
22-January-2021,13:24:39,8.899999999999999,1029.1,13.899999999999999,72,73,Close
22-January-2021,13:24:40,8.799999999999997,1004.5,10.100000000000001,82,70,Close
22-January-2021,13:24:41,8.799999999999997,1004.5,10.100000000000001,82,70,Close
22-January-2021,13:24:42,6.600000000000001,1080.2,10.0,70,76,Close
22-January-2021,13:24:43,6.600000000000001,1080.2,10.0,70,76,Close
22-January-2021,13:24:44,6.399999999999999,1031.5,14.899999999999999,68,72,Close
22-January-2021,13:24:45,6.399999999999999,1031.5,14.899999999999999,68,72,Close
22-January-2021,13:24:46,10.700000000000003,1031.7,10.299999999999997,91,73,Close
22-January-2021,13:24:47,10.700000000000003,1031.7,10.299999999999997,91,73,Close
22-January-2021,13:24:48,13.799999999999997,1021.4,13.200000000000003,61,72,Close
22-January-2021,13:24:49,13.799999999999997,1021.4,13.200000000000003,61,72,Close
22-January-2021,13:24:50,14.799999999999997,1074.1,12.5,72,74,Close
22-January-2021,13:24:51,14.799999999999997,1074.1,12.5,72,74,Close
22-January-2021,13:24:52,10.700000000000003,1065.6,12.299999999999997,85,74,Close
22-January-2021,13:24:53,10.700000000000003,1065.6,12.299999999999997,85,74,Close
22-January-2021,13:24:54,7.700000000000003,1099.4,13.299999999999997,68,76,Close
22-January-2021,13:26:24,8.600000000000001,1079.3,14.100000000000001,79,78,Close
22-January-2021,13:26:25,8.600000000000001,1079.3,14.100000000000001,79,78,Close
22-January-2021,13:26:26,8.799999999999997,1033.3,12.600000000000001,91,75,Close
22-January-2021,13:26:27,8.799999999999997,1033.3,12.600000000000001,91,75,Close
22-January-2021,13:26:28,13.799999999999997,1047.4,13.200000000000003,78,70,Close
22-January-2021,13:26:29,13.799999999999997,1047.4,13.200000000000003,78,70,Close
22-January-2021,13:26:30,5.0,1092.8,11.600000000000001,98,77,Close
22-January-2021,13:26:31,5.0,1092.8,11.600000000000001,98,77,Close
22-January-2021,13:26:32,12.600000000000001,1034.4,14.299999999999997,64,77,Close
22-January-2021,13:27:33,10.0,1081.7,10.100000000000001,60,71,Close
22-January-2021,13:27:34,10.0,1081.7,10.100000000000001,60,71,Close
22-January-2021,13:27:35,7.700000000000003,1039.7,13.200000000000003,70,73,Close
22-January-2021,13:27:36,7.700000000000003,1039.7,13.200000000000003,70,73,Close
22-January-2021,13:27:37,7.700000000000003,1039.7,13.200000000000003,70,73,Close
22-January-2021,13:27:38,5.300000000000001,1000.9,10.600000000000001,67,75,Close
22-January-2021,13:27:39,8.399999999999999,1091.3,14.399999999999999,72,75,Close
22-January-2021,13:27:41,8.399999999999999,1091.3,14.399999999999999,72,75,Close
22-January-2021,13:27:42,14.899999999999999,1057.7,14.299999999999997,71,76,Close
22-January-2021,13:27:43,14.899999999999999,1057.7,14.299999999999997,71,76,Close
22-January-2021,13:27:44,7.200000000000003,1085.5,14.700000000000003,71,75,Close
22-January-2021,13:27:45,7.200000000000003,1085.5,14.700000000000003,71,75,Close
22-January-2021,13:27:46,12.399999999999999,1068.8,13.299999999999997,83,76,Close
22-January-2021,13:27:47,12.399999999999999,1068.8,13.299999999999997,83,76,Close
22-January-2021,13:27:48,11.200000000000003,1050.0,14.299999999999997,76,78,Close
22-January-2021,13:27:49,11.200000000000003,1050.0,14.299999999999997,76,78,Close
22-January-2021,13:27:50,9.299999999999997,1065.0,10.799999999999997,88,72,Close
22-January-2021,13:27:51,9.299999999999997,1065.0,10.799999999999997,88,72,Close
22-January-2021,13:27:52,8.200000000000003,1094.4,10.100000000000001,88,73,Close
22-January-2021,13:27:53,8.200000000000003,1094.4,10.100000000000001,88,73,Close
22-January-2021,13:27:54,10.399999999999999,1034.4,14.100000000000001,72,72,Close
22-January-2021,13:27:55,10.399999999999999,1034.4,14.100000000000001,72,72,Close
22-January-2021,13:27:56,13.5,1064.8,14.600000000000001,98,76,Close
22-January-2021,13:27:58,9.399999999999999,1027.6,10.899999999999999,68,75,Close
22-January-2021,13:27:59,9.399999999999999,1027.6,10.899999999999999,68,75,Close
22-January-2021,13:28:0,7.299999999999997,1067.7,14.299999999999997,74,74,Close
22-January-2021,13:28:1,7.299999999999997,1067.7,14.299999999999997,74,74,Close
22-January-2021,13:28:2,7.299999999999997,1067.7,14.299999999999997,74,74,Close
22-January-2021,13:28:3,12.700000000000003,1084.9,13.399999999999999,80,70,Close
22-January-2021,13:28:4,12.700000000000003,1084.9,13.399999999999999,80,70,Close
22-January-2021,13:28:5,8.600000000000001,1086.9,14.200000000000003,86,73,Close
22-January-2021,13:28:6,8.600000000000001,1086.9,14.200000000000003,86,73,Close
22-January-2021,13:28:7,14.399999999999999,1010.7,13.700000000000003,71,72,Close
22-January-2021,13:28:8,14.399999999999999,1010.7,13.700000000000003,71,72,Close
22-January-2021,13:28:9,10.5,1081.7,10.799999999999997,94,77,Close
22-January-2021,13:28:10,10.5,1081.7,10.799999999999997,94,77,Close
22-January-2021,13:28:11,6.699999999999999,1005.3,13.5,98,78,Close
22-January-2021,13:28:12,6.699999999999999,1005.3,13.5,98,78,Close
22-January-2021,13:28:13,13.0,1036.3,13.200000000000003,93,75,Close
22-January-2021,13:28:14,13.0,1036.3,13.200000000000003,93,75,Close
22-January-2021,13:28:15,12.100000000000001,1074.5,12.0,91,75,Close
22-January-2021,13:28:16,12.100000000000001,1074.5,12.0,91,75,Close
22-January-2021,13:28:17,9.0,1028.0,12.200000000000003,71,72,Close
22-January-2021,13:28:18,9.0,1028.0,12.200000000000003,71,72,Close
22-January-2021,13:28:19,13.299999999999997,1050.9,14.100000000000001,96,77,Close
22-January-2021,13:28:20,13.299999999999997,1050.9,14.100000000000001,96,77,Close
22-January-2021,13:28:21,5.199999999999999,1081.7,14.799999999999997,81,77,Close
22-January-2021,13:28:22,5.199999999999999,1081.7,14.799999999999997,81,77,Close
22-January-2021,13:28:23,5.5,1059.9,11.100000000000001,61,78,Close
22-January-2021,13:28:24,5.5,1059.9,11.100000000000001,61,78,Close
22-January-2021,13:28:25,11.5,1098.3,12.799999999999997,80,74,Close
22-January-2021,13:28:28,13.0,1031.7,10.200000000000003,70,72,Close
22-January-2021,13:28:29,13.0,1031.7,10.200000000000003,70,72,Close
22-January-2021,13:28:30,14.0,1077.3,14.299999999999997,75,73,Close
22-January-2021,13:28:31,14.0,1077.3,14.299999999999997,75,73,Close
22-January-2021,13:28:32,8.600000000000001,1040.3,12.100000000000001,84,72,Close
22-January-2021,13:28:33,8.600000000000001,1040.3,12.100000000000001,84,72,Close
22-January-2021,13:28:34,6.699999999999999,1099.0,14.200000000000003,66,75,Close
22-January-2021,13:28:35,6.699999999999999,1099.0,14.200000000000003,66,75,Close
22-January-2021,13:28:36,10.700000000000003,1071.8,11.600000000000001,65,74,Close
22-January-2021,13:28:37,10.700000000000003,1071.8,11.600000000000001,65,74,Close
22-January-2021,13:28:38,9.799999999999997,1061.5,11.899999999999999,68,77,Close
22-January-2021,13:28:39,9.799999999999997,1061.5,11.899999999999999,68,77,Close
22-January-2021,13:28:40,10.100000000000001,1072.6,10.399999999999999,71,73,Close
22-January-2021,13:28:41,10.100000000000001,1072.6,10.399999999999999,71,73,Close
22-January-2021,13:28:42,5.399999999999999,1048.1,11.399999999999999,60,73,Close
22-January-2021,13:33:56,9.5,1048.3,12.0,82,75,Close
22-January-2021,13:33:57,9.5,1048.3,12.0,82,75,Close
22-January-2021,13:33:58,6.399999999999999,1060.5,13.5,80,78,Close
22-January-2021,13:33:59,6.399999999999999,1060.5,13.5,80,78,Close
22-January-2021,13:34:0,14.299999999999997,1022.1,11.799999999999997,89,78,Close
